session_key,driver_number,avg_lap,best_lap,consistency,position
7763,1,247.17330434782608,91.65,366.6369777295831,2.0
7763,1,247.17330434782608,91.65,366.6369777295831,2.0
7763,1,247.17330434782608,91.65,366.6369777295831,2.0
7763,1,247.17330434782608,91.65,366.6369777295831,2.0
7763,2,192.07211258278144,92.549,327.2291363535759,7.0
7763,2,192.07211258278144,92.549,327.2291363535759,7.0
7763,2,192.07211258278144,92.549,327.2291363535759,7.0
7763,2,192.07211258278144,92.549,327.2291363535759,7.0
7763,4,237.9601746031746,95.522,347.3380257276531,16.0
7763,4,237.9601746031746,95.522,347.3380257276531,16.0
7763,4,237.9601746031746,95.522,347.3380257276531,16.0
7763,4,237.9601746031746,95.522,347.3380257276531,16.0
7763,10,239.48352631578948,93.186,395.3484807022209,10.0
7763,10,239.48352631578948,93.186,395.3484807022209,10.0
7763,10,239.48352631578948,93.186,395.3484807022209,10.0
7763,10,239.48352631578948,93.186,395.3484807022209,10.0
7763,11,160.99838157894737,93.751,306.0306644307179,14.0
7763,11,160.99838157894737,93.751,306.0306644307179,14.0
7763,11,160.99838157894737,93.751,306.0306644307179,14.0
7763,11,160.99838157894737,93.751,306.0306644307179,14.0
7763,14,232.08603125,92.205,400.35504691006844,3.0
7763,14,232.08603125,92.205,400.35504691006844,3.0
7763,14,232.08603125,92.205,400.35504691006844,3.0
7763,14,232.08603125,92.205,400.35504691006844,3.0
7763,16,222.30715384615385,92.725,393.67874842203804,8.0
7763,16,222.30715384615385,92.725,393.67874842203804,8.0
7763,16,222.30715384615385,92.725,393.67874842203804,8.0
7763,16,222.30715384615385,92.725,393.67874842203804,8.0
7763,20,233.6658125,93.442,358.9263635559008,11.0
7763,20,233.6658125,93.442,358.9263635559008,11.0
7763,20,233.6658125,93.442,358.9263635559008,11.0
7763,20,233.6658125,93.442,358.9263635559008,11.0
7763,21,202.7140985915493,92.222,300.9224430708849,4.0
7763,21,202.7140985915493,92.222,300.9224430708849,4.0
7763,21,202.7140985915493,92.222,300.9224430708849,4.0
7763,21,202.7140985915493,92.222,300.9224430708849,4.0
7763,22,169.36421176470589,95.708,352.33245674359296,17.0
7763,22,169.36421176470589,95.708,352.33245674359296,17.0
7763,22,169.36421176470589,95.708,352.33245674359296,17.0
7763,22,169.36421176470589,95.708,352.33245674359296,17.0
7763,24,202.3395503875969,91.61,328.4066350566303,1.0
7763,24,202.3395503875969,91.61,328.4066350566303,1.0
7763,24,202.3395503875969,91.61,328.4066350566303,1.0
7763,24,202.3395503875969,91.61,328.4066350566303,1.0
7763,27,209.99530769230768,92.466,300.6739710103243,5.0
7763,27,209.99530769230768,92.466,300.6739710103243,5.0
7763,27,209.99530769230768,92.466,300.6739710103243,5.0
7763,27,209.99530769230768,92.466,300.6739710103243,5.0
7763,31,320.82025531914894,93.49,563.6543632517413,12.0
7763,31,320.82025531914894,93.49,563.6543632517413,12.0
7763,31,320.82025531914894,93.49,563.6543632517413,12.0
7763,31,320.82025531914894,93.49,563.6543632517413,12.0
7763,44,209.26021428571428,93.954,325.59769623404054,15.0
7763,44,209.26021428571428,93.954,325.59769623404054,15.0
7763,44,209.26021428571428,93.954,325.59769623404054,15.0
7763,44,209.26021428571428,93.954,325.59769623404054,15.0
7763,55,219.12444776119403,92.486,341.7961291304771,6.0
7763,55,219.12444776119403,92.486,341.7961291304771,6.0
7763,55,219.12444776119403,92.486,341.7961291304771,6.0
7763,55,219.12444776119403,92.486,341.7961291304771,6.0
7763,63,314.42232,93.654,553.0449297782521,13.0
7763,63,314.42232,93.654,553.0449297782521,13.0
7763,63,314.42232,93.654,553.0449297782521,13.0
7763,63,314.42232,93.654,553.0449297782521,13.0
7763,81,197.28684722222224,93.175,371.116458863754,9.0
7763,81,197.28684722222224,93.175,371.116458863754,9.0
7763,81,197.28684722222224,93.175,371.116458863754,9.0
7763,81,197.28684722222224,93.175,371.116458863754,9.0
7764,4,211.55254285714287,92.16,386.09053648272203,11.0
7764,4,211.55254285714287,92.16,386.09053648272203,11.0
7764,4,211.55254285714287,92.16,386.09053648272203,11.0
7764,4,211.55254285714287,92.16,386.09053648272203,11.0
7764,10,267.2442222222222,92.762,395.089686846578,12.0
7764,10,267.2442222222222,92.762,395.089686846578,12.0
7764,10,267.2442222222222,92.762,395.089686846578,12.0
7764,10,267.2442222222222,92.762,395.089686846578,12.0
7764,11,233.44823846153847,90.305,371.5496636117036,1.0
7764,11,233.44823846153847,90.305,371.5496636117036,1.0
7764,11,233.44823846153847,90.305,371.5496636117036,1.0
7764,11,233.44823846153847,90.305,371.5496636117036,1.0
7764,14,152.17468354430378,91.45,248.74852558872823,9.0
7764,14,152.17468354430378,91.45,248.74852558872823,9.0
7764,14,152.17468354430378,91.45,248.74852558872823,9.0
7764,14,152.17468354430378,91.45,248.74852558872823,9.0
7764,16,218.3473230769231,91.024,316.6371770450791,4.0
7764,16,218.3473230769231,91.024,316.6371770450791,4.0
7764,16,218.3473230769231,91.024,316.6371770450791,4.0
7764,16,218.3473230769231,91.024,316.6371770450791,4.0
7764,20,149.08127659574467,91.381,175.13113003554975,7.0
7764,20,149.08127659574467,91.381,175.13113003554975,7.0
7764,20,149.08127659574467,91.381,175.13113003554975,7.0
7764,20,149.08127659574467,91.381,175.13113003554975,7.0
7764,21,168.71297674418605,98.244,328.7413605915974,17.0
7764,21,168.71297674418605,98.244,328.7413605915974,17.0
7764,21,168.71297674418605,98.244,328.7413605915974,17.0
7764,21,168.71297674418605,98.244,328.7413605915974,17.0
7764,22,179.4031948051948,91.261,254.72793030720806,6.0
7764,22,179.4031948051948,91.261,254.72793030720806,6.0
7764,22,179.4031948051948,91.261,254.72793030720806,6.0
7764,22,179.4031948051948,91.261,254.72793030720806,6.0
7764,23,209.75955555555555,92.793,371.1852206749618,13.0
7764,23,209.75955555555555,92.793,371.1852206749618,13.0
7764,23,209.75955555555555,92.793,371.1852206749618,13.0
7764,23,209.75955555555555,92.793,371.1852206749618,13.0
7764,27,190.37245333333334,93.329,326.6762772717075,15.0
7764,27,190.37245333333334,93.329,326.6762772717075,15.0
7764,27,190.37245333333334,93.329,326.6762772717075,15.0
7764,27,190.37245333333334,93.329,326.6762772717075,15.0
7764,31,204.1621369863014,93.257,305.66827865165254,14.0
7764,31,204.1621369863014,93.257,305.66827865165254,14.0
7764,31,204.1621369863014,93.257,305.66827865165254,14.0
7764,31,204.1621369863014,93.257,305.66827865165254,14.0
7764,34,194.4573918918919,92.075,329.0491665428499,10.0
7764,34,194.4573918918919,92.075,329.0491665428499,10.0
7764,34,194.4573918918919,92.075,329.0491665428499,10.0
7764,34,194.4573918918919,92.075,329.0491665428499,10.0
7764,44,222.94633333333334,90.664,314.3311258334071,2.0
7764,44,222.94633333333334,90.664,314.3311258334071,2.0
7764,44,222.94633333333334,90.664,314.3311258334071,2.0
7764,44,222.94633333333334,90.664,314.3311258334071,2.0
7764,55,189.0168,91.036,255.1146891039963,5.0
7764,55,189.0168,91.036,255.1146891039963,5.0
7764,55,189.0168,91.036,255.1146891039963,5.0
7764,55,189.0168,91.036,255.1146891039963,5.0
7764,63,189.4178227848101,91.442,278.63044325579506,8.0
7764,63,189.4178227848101,91.442,278.63044325579506,8.0
7764,63,189.4178227848101,91.442,278.63044325579506,8.0
7764,63,189.4178227848101,91.442,278.63044325579506,8.0
7764,77,180.87015625,90.827,255.5320147378165,3.0
7764,77,180.87015625,90.827,255.5320147378165,3.0
7764,77,180.87015625,90.827,255.5320147378165,3.0
7764,77,180.87015625,90.827,255.5320147378165,3.0
7764,81,287.9398,93.655,565.3438529751741,16.0
7764,81,287.9398,93.655,565.3438529751741,16.0
7764,81,287.9398,93.655,565.3438529751741,16.0
7764,81,287.9398,93.655,565.3438529751741,16.0
7765,1,177.6252380952381,93.375,195.9686656182146,3.0
7765,1,177.6252380952381,93.375,195.9686656182146,3.0
7765,1,177.6252380952381,93.375,195.9686656182146,3.0
7765,1,177.6252380952381,93.375,195.9686656182146,3.0
7765,2,166.42195652173913,95.749,150.42695911976708,18.0
7765,2,166.42195652173913,95.749,150.42695911976708,18.0
7765,2,166.42195652173913,95.749,150.42695911976708,18.0
7765,2,166.42195652173913,95.749,150.42695911976708,18.0
7765,4,183.87514285714286,94.165,215.14385190889422,4.0
7765,4,183.87514285714286,94.165,215.14385190889422,4.0
7765,4,183.87514285714286,94.165,215.14385190889422,4.0
7765,4,183.87514285714286,94.165,215.14385190889422,4.0
7765,10,174.35954545454544,95.455,180.7212162676598,17.0
7765,10,174.35954545454544,95.455,180.7212162676598,17.0
7765,10,174.35954545454544,95.455,180.7212162676598,17.0
7765,10,174.35954545454544,95.455,180.7212162676598,17.0
7765,11,184.19580952380952,92.758,223.10593099958635,1.0
7765,11,184.19580952380952,92.758,223.10593099958635,1.0
7765,11,184.19580952380952,92.758,223.10593099958635,1.0
7765,11,184.19580952380952,92.758,223.10593099958635,1.0
7765,14,176.6445909090909,93.196,169.76070801840802,2.0
7765,14,176.6445909090909,93.196,169.76070801840802,2.0
7765,14,176.6445909090909,93.196,169.76070801840802,2.0
7765,14,176.6445909090909,93.196,169.76070801840802,2.0
7765,16,224.61805882352942,94.257,343.63413011254494,5.0
7765,16,224.61805882352942,94.257,343.63413011254494,5.0
7765,16,224.61805882352942,94.257,343.63413011254494,5.0
7765,16,224.61805882352942,94.257,343.63413011254494,5.0
7765,18,216.06623529411766,94.298,339.6680902599467,6.0
7765,18,216.06623529411766,94.298,339.6680902599467,6.0
7765,18,216.06623529411766,94.298,339.6680902599467,6.0
7765,18,216.06623529411766,94.298,339.6680902599467,6.0
7765,20,192.70105263157896,94.402,272.20533074681674,7.0
7765,20,192.70105263157896,94.402,272.20533074681674,7.0
7765,20,192.70105263157896,94.402,272.20533074681674,7.0
7765,20,192.70105263157896,94.402,272.20533074681674,7.0
7765,21,153.78324,95.402,123.41238576817287,16.0
7765,21,153.78324,95.402,123.41238576817287,16.0
7765,21,153.78324,95.402,123.41238576817287,16.0
7765,21,153.78324,95.402,123.41238576817287,16.0
7765,22,195.25920000000002,95.015,240.7666107314275,13.0
7765,22,195.25920000000002,95.015,240.7666107314275,13.0
7765,22,195.25920000000002,95.015,240.7666107314275,13.0
7765,22,195.25920000000002,95.015,240.7666107314275,13.0
7765,23,271.2214285714286,96.018,405.7342946015446,19.0
7765,23,271.2214285714286,96.018,405.7342946015446,19.0
7765,23,271.2214285714286,96.018,405.7342946015446,19.0
7765,23,271.2214285714286,96.018,405.7342946015446,19.0
7765,24,214.2453888888889,94.575,227.11016680193865,8.0
7765,24,214.2453888888889,94.575,227.11016680193865,8.0
7765,24,214.2453888888889,94.575,227.11016680193865,8.0
7765,24,214.2453888888889,94.575,227.11016680193865,8.0
7765,27,175.51052380952382,95.043,234.25066197746156,14.0
7765,27,175.51052380952382,95.043,234.25066197746156,14.0
7765,27,175.51052380952382,95.043,234.25066197746156,14.0
7765,27,175.51052380952382,95.043,234.25066197746156,14.0
7765,31,194.9006842105263,95.105,230.27401200460926,15.0
7765,31,194.9006842105263,95.105,230.27401200460926,15.0
7765,31,194.9006842105263,95.105,230.27401200460926,15.0
7765,31,194.9006842105263,95.105,230.27401200460926,15.0
7765,44,213.70869230769227,94.917,311.5802470016817,10.0
7765,44,213.70869230769227,94.917,311.5802470016817,10.0
7765,44,213.70869230769227,94.917,311.5802470016817,10.0
7765,44,213.70869230769227,94.917,311.5802470016817,10.0
7765,55,183.29209523809524,96.072,218.40911877691022,20.0
7765,55,183.29209523809524,96.072,218.40911877691022,20.0
7765,55,183.29209523809524,96.072,218.40911877691022,20.0
7765,55,183.29209523809524,96.072,218.40911877691022,20.0
7765,63,162.81255,94.966,220.3660438687803,11.0
7765,63,162.81255,94.966,220.3660438687803,11.0
7765,63,162.81255,94.966,220.3660438687803,11.0
7765,63,162.81255,94.966,220.3660438687803,11.0
7765,77,195.981,94.689,204.70856239684326,9.0
7765,77,195.981,94.689,204.70856239684326,9.0
7765,77,195.981,94.689,204.70856239684326,9.0
7765,77,195.981,94.689,204.70856239684326,9.0
7765,81,162.20083333333335,94.997,172.69774585885546,12.0
7765,81,162.20083333333335,94.997,172.69774585885546,12.0
7765,81,162.20083333333335,94.997,172.69774585885546,12.0
7765,81,162.20083333333335,94.997,172.69774585885546,12.0
7766,1,157.73920833333332,91.076,156.73718322149588,2.0
7766,1,157.73920833333332,91.076,156.73718322149588,2.0
7766,1,157.73920833333332,91.076,156.73718322149588,2.0
7766,1,157.73920833333332,91.076,156.73718322149588,2.0
7766,2,134.36937931034484,92.749,100.72913594246572,20.0
7766,2,134.36937931034484,92.749,100.72913594246572,20.0
7766,2,134.36937931034484,92.749,100.72913594246572,20.0
7766,2,134.36937931034484,92.749,100.72913594246572,20.0
7766,4,141.5084074074074,91.57,121.39552537020148,9.0
7766,4,141.5084074074074,91.57,121.39552537020148,9.0
7766,4,141.5084074074074,91.57,121.39552537020148,9.0
7766,4,141.5084074074074,91.57,121.39552537020148,9.0
7766,10,158.90516666666667,91.475,168.23407057440866,7.0
7766,10,158.90516666666667,91.475,168.23407057440866,7.0
7766,10,158.90516666666667,91.475,168.23407057440866,7.0
7766,10,158.90516666666667,91.475,168.23407057440866,7.0
7766,11,148.5876153846154,91.078,143.8973543204779,3.0
7766,11,148.5876153846154,91.078,143.8973543204779,3.0
7766,11,148.5876153846154,91.078,143.8973543204779,3.0
7766,11,148.5876153846154,91.078,143.8973543204779,3.0
7766,14,153.86864,90.907,160.63067119550232,1.0
7766,14,153.86864,90.907,160.63067119550232,1.0
7766,14,153.86864,90.907,160.63067119550232,1.0
7766,14,153.86864,90.907,160.63067119550232,1.0
7766,16,147.9323076923077,91.367,129.66894072371093,4.0
7766,16,147.9323076923077,91.367,129.66894072371093,4.0
7766,16,147.9323076923077,91.367,129.66894072371093,4.0
7766,16,147.9323076923077,91.367,129.66894072371093,4.0
7766,18,143.3237777777778,91.45,118.67785694600302,6.0
7766,18,143.3237777777778,91.45,118.67785694600302,6.0
7766,18,143.3237777777778,91.45,118.67785694600302,6.0
7766,18,143.3237777777778,91.45,118.67785694600302,6.0
7766,20,203.08211111111112,92.11,279.04628645439357,16.0
7766,20,203.08211111111112,92.11,279.04628645439357,16.0
7766,20,203.08211111111112,92.11,279.04628645439357,16.0
7766,20,203.08211111111112,92.11,279.04628645439357,16.0
7766,21,140.74742857142857,92.605,112.45252394747314,19.0
7766,21,140.74742857142857,92.605,112.45252394747314,19.0
7766,21,140.74742857142857,92.605,112.45252394747314,19.0
7766,21,140.74742857142857,92.605,112.45252394747314,19.0
7766,22,141.48862962962963,92.525,112.07737302155574,18.0
7766,22,141.48862962962963,92.525,112.07737302155574,18.0
7766,22,141.48862962962963,92.525,112.07737302155574,18.0
7766,22,141.48862962962963,92.525,112.07737302155574,18.0
7766,23,132.7895,92.44,95.72669255713336,17.0
7766,23,132.7895,92.44,95.72669255713336,17.0
7766,23,132.7895,92.44,95.72669255713336,17.0
7766,23,132.7895,92.44,95.72669255713336,17.0
7766,24,144.15066666666667,91.586,109.05119734198077,10.0
7766,24,144.15066666666667,91.586,109.05119734198077,10.0
7766,24,144.15066666666667,91.586,109.05119734198077,10.0
7766,24,144.15066666666667,91.586,109.05119734198077,10.0
7766,27,142.69407999999999,91.376,123.24800907160629,5.0
7766,27,142.69407999999999,91.376,123.24800907160629,5.0
7766,27,142.69407999999999,91.376,123.24800907160629,5.0
7766,27,142.69407999999999,91.376,123.24800907160629,5.0
7766,31,154.21152,91.608,153.17573948612363,11.0
7766,31,154.21152,91.608,153.17573948612363,11.0
7766,31,154.21152,91.608,153.17573948612363,11.0
7766,31,154.21152,91.608,153.17573948612363,11.0
7766,44,142.28214814814814,91.543,116.3079410799547,8.0
7766,44,142.28214814814814,91.543,116.3079410799547,8.0
7766,44,142.28214814814814,91.543,116.3079410799547,8.0
7766,44,142.28214814814814,91.543,116.3079410799547,8.0
7766,55,139.63410714285715,91.956,108.2999735031418,14.0
7766,55,139.63410714285715,91.956,108.2999735031418,14.0
7766,55,139.63410714285715,91.956,108.2999735031418,14.0
7766,55,139.63410714285715,91.956,108.2999735031418,14.0
7766,63,150.8564,91.882,141.38188050521865,13.0
7766,63,150.8564,91.882,141.38188050521865,13.0
7766,63,150.8564,91.882,141.38188050521865,13.0
7766,63,150.8564,91.882,141.38188050521865,13.0
7766,77,142.64914814814816,91.793,114.26483685831884,12.0
7766,77,142.64914814814816,91.793,114.26483685831884,12.0
7766,77,142.64914814814816,91.793,114.26483685831884,12.0
7766,77,142.64914814814816,91.793,114.26483685831884,12.0
7766,81,144.74166666666667,92.024,128.27226212321045,15.0
7766,81,144.74166666666667,92.024,128.27226212321045,15.0
7766,81,144.74166666666667,92.024,128.27226212321045,15.0
7766,81,144.74166666666667,92.024,128.27226212321045,15.0
7767,1,201.00076923076924,92.345,204.42502690694815,2.0
7767,1,201.00076923076924,92.345,204.42502690694815,2.0
7767,1,201.00076923076924,92.345,204.42502690694815,2.0
7767,1,201.00076923076924,92.345,204.42502690694815,2.0
7767,2,171.8282,93.665,134.32742164776184,18.0
7767,2,171.8282,93.665,134.32742164776184,18.0
7767,2,171.8282,93.665,134.32742164776184,18.0
7767,2,171.8282,93.665,134.32742164776184,18.0
7767,4,251.12766666666667,93.202,292.22899421171184,13.0
7767,4,251.12766666666667,93.202,292.22899421171184,13.0
7767,4,251.12766666666667,93.202,292.22899421171184,13.0
7767,4,251.12766666666667,93.202,292.22899421171184,13.0
7767,10,193.53246153846155,93.064,241.16779091048943,10.0
7767,10,193.53246153846155,93.064,241.16779091048943,10.0
7767,10,193.53246153846155,93.064,241.16779091048943,10.0
7767,10,193.53246153846155,93.064,241.16779091048943,10.0
7767,11,223.99191666666664,92.446,294.6895041108511,3.0
7767,11,223.99191666666664,92.446,294.6895041108511,3.0
7767,11,223.99191666666664,92.446,294.6895041108511,3.0
7767,11,223.99191666666664,92.446,294.6895041108511,3.0
7767,14,206.4089230769231,92.34,290.33215738879693,1.0
7767,14,206.4089230769231,92.34,290.33215738879693,1.0
7767,14,206.4089230769231,92.34,290.33215738879693,1.0
7767,14,206.4089230769231,92.34,290.33215738879693,1.0
7767,16,160.85085714285714,92.624,124.99198546076919,5.0
7767,16,160.85085714285714,92.624,124.99198546076919,5.0
7767,16,160.85085714285714,92.624,124.99198546076919,5.0
7767,16,160.85085714285714,92.624,124.99198546076919,5.0
7767,18,192.4103125,92.919,206.23456643769026,7.0
7767,18,192.4103125,92.919,206.23456643769026,7.0
7767,18,192.4103125,92.919,206.23456643769026,7.0
7767,18,192.4103125,92.919,206.23456643769026,7.0
7767,20,171.98366666666666,93.381,177.9686179024392,14.0
7767,20,171.98366666666666,93.381,177.9686179024392,14.0
7767,20,171.98366666666666,93.381,177.9686179024392,14.0
7767,20,171.98366666666666,93.381,177.9686179024392,14.0
7767,21,158.05477777777776,94.082,161.30722961105923,20.0
7767,21,158.05477777777776,94.082,161.30722961105923,20.0
7767,21,158.05477777777776,94.082,161.30722961105923,20.0
7767,21,158.05477777777776,94.082,161.30722961105923,20.0
7767,22,176.32926666666665,93.475,214.92340305641775,16.0
7767,22,176.32926666666665,93.475,214.92340305641775,16.0
7767,22,176.32926666666665,93.475,214.92340305641775,16.0
7767,22,176.32926666666665,93.475,214.92340305641775,16.0
7767,23,174.56553333333335,93.882,141.67410575067382,19.0
7767,23,174.56553333333335,93.882,141.67410575067382,19.0
7767,23,174.56553333333335,93.882,141.67410575067382,19.0
7767,23,174.56553333333335,93.882,141.67410575067382,19.0
7767,24,229.64876923076923,93.18,251.487317754899,12.0
7767,24,229.64876923076923,93.18,251.487317754899,12.0
7767,24,229.64876923076923,93.18,251.487317754899,12.0
7767,24,229.64876923076923,93.18,251.487317754899,12.0
7767,27,162.19295652173915,93.423,162.92355120858272,15.0
7767,27,162.19295652173915,93.423,162.92355120858272,15.0
7767,27,162.19295652173915,93.423,162.92355120858272,15.0
7767,27,162.19295652173915,93.423,162.92355120858272,15.0
7767,31,184.9850625,93.116,263.191236984789,11.0
7767,31,184.9850625,93.116,263.191236984789,11.0
7767,31,184.9850625,93.116,263.191236984789,11.0
7767,31,184.9850625,93.116,263.191236984789,11.0
7767,44,173.03076470588235,92.555,161.8206093051318,4.0
7767,44,173.03076470588235,92.555,161.8206093051318,4.0
7767,44,173.03076470588235,92.555,161.8206093051318,4.0
7767,44,173.03076470588235,92.555,161.8206093051318,4.0
7767,55,159.14795238095238,92.945,121.01090624929147,8.0
7767,55,159.14795238095238,92.945,121.01090624929147,8.0
7767,55,159.14795238095238,92.945,121.01090624929147,8.0
7767,55,159.14795238095238,92.945,121.01090624929147,8.0
7767,63,167.584,92.731,130.01302931629584,6.0
7767,63,167.584,92.731,130.01302931629584,6.0
7767,63,167.584,92.731,130.01302931629584,6.0
7767,63,167.584,92.731,130.01302931629584,6.0
7767,77,212.18764285714286,93.629,216.44433774172046,17.0
7767,77,212.18764285714286,93.629,216.44433774172046,17.0
7767,77,212.18764285714286,93.629,216.44433774172046,17.0
7767,77,212.18764285714286,93.629,216.44433774172046,17.0
7767,81,225.23508333333334,93.045,263.6860404542891,9.0
7767,81,225.23508333333334,93.045,263.6860404542891,9.0
7767,81,225.23508333333334,93.045,263.6860404542891,9.0
7767,81,225.23508333333334,93.045,263.6860404542891,9.0
7768,1,260.07107692307693,89.708,280.09565595121086,1.0
7768,1,260.07107692307693,89.708,280.09565595121086,1.0
7768,1,260.07107692307693,89.708,280.09565595121086,1.0
7768,1,260.07107692307693,89.708,280.09565595121086,1.0
7768,2,151.05916666666667,91.652,94.22038261791693,16.0
7768,2,151.05916666666667,91.652,94.22038261791693,16.0
7768,2,151.05916666666667,91.652,94.22038261791693,16.0
7768,2,151.05916666666667,91.652,94.22038261791693,16.0
7768,4,189.5040909090909,91.381,160.94694317185287,11.0
7768,4,189.5040909090909,91.381,160.94694317185287,11.0
7768,4,189.5040909090909,91.381,160.94694317185287,11.0
7768,4,189.5040909090909,91.381,160.94694317185287,11.0
7768,10,142.04183333333333,91.818,77.62851759371101,20.0
7768,10,142.04183333333333,91.818,77.62851759371101,20.0
7768,10,142.04183333333333,91.818,77.62851759371101,20.0
7768,10,142.04183333333333,91.818,77.62851759371101,20.0
7768,11,256.33023076923075,89.846,277.74190982930895,2.0
7768,11,256.33023076923075,89.846,277.74190982930895,2.0
7768,11,256.33023076923075,89.846,277.74190982930895,2.0
7768,11,256.33023076923075,89.846,277.74190982930895,2.0
7768,14,217.90953333333334,90.336,204.46107447525347,5.0
7768,14,217.90953333333334,90.336,204.46107447525347,5.0
7768,14,217.90953333333334,90.336,204.46107447525347,5.0
7768,14,217.90953333333334,90.336,204.46107447525347,5.0
7768,16,234.8516875,90.0,205.65011722740837,3.0
7768,16,234.8516875,90.0,205.65011722740837,3.0
7768,16,234.8516875,90.0,205.65011722740837,3.0
7768,16,234.8516875,90.0,205.65011722740837,3.0
7768,18,197.8665294117647,90.836,164.44536915471946,8.0
7768,18,197.8665294117647,90.836,164.44536915471946,8.0
7768,18,197.8665294117647,90.836,164.44536915471946,8.0
7768,18,197.8665294117647,90.836,164.44536915471946,8.0
7768,20,150.35616666666667,91.892,100.63908204187818,17.0
7768,20,150.35616666666667,91.892,100.63908204187818,17.0
7768,20,150.35616666666667,91.892,100.63908204187818,17.0
7768,20,150.35616666666667,91.892,100.63908204187818,17.0
7768,21,205.025375,92.121,196.48675692577777,19.0
7768,21,205.025375,92.121,196.48675692577777,19.0
7768,21,205.025375,92.121,196.48675692577777,19.0
7768,21,205.025375,92.121,196.48675692577777,19.0
7768,22,223.09376923076923,91.4,204.72495343107903,14.0
7768,22,223.09376923076923,91.4,204.72495343107903,14.0
7768,22,223.09376923076923,91.4,204.72495343107903,14.0
7768,22,223.09376923076923,91.4,204.72495343107903,14.0
7768,23,247.83875,91.461,287.6983640568152,15.0
7768,23,247.83875,91.461,287.6983640568152,15.0
7768,23,247.83875,91.461,287.6983640568152,15.0
7768,23,247.83875,91.461,287.6983640568152,15.0
7768,24,191.10608333333334,91.473,159.59148038075392,13.0
7768,24,191.10608333333334,91.473,159.59148038075392,13.0
7768,24,191.10608333333334,91.473,159.59148038075392,13.0
7768,24,191.10608333333334,91.473,159.59148038075392,13.0
7768,27,246.36206249999998,90.809,232.1509853534278,10.0
7768,27,246.36206249999998,90.809,232.1509853534278,10.0
7768,27,246.36206249999998,90.809,232.1509853534278,10.0
7768,27,246.36206249999998,90.809,232.1509853534278,10.0
7768,31,238.41771428571428,90.914,259.083312655125,9.0
7768,31,238.41771428571428,90.914,259.083312655125,9.0
7768,31,238.41771428571428,90.914,259.083312655125,9.0
7768,31,238.41771428571428,90.914,259.083312655125,9.0
7768,44,216.74226666666667,90.384,207.68113182732856,7.0
7768,44,216.74226666666667,90.384,207.68113182732856,7.0
7768,44,216.74226666666667,90.384,207.68113182732856,7.0
7768,44,216.74226666666667,90.384,207.68113182732856,7.0
7768,55,257.21925,90.154,296.54403155772314,4.0
7768,55,257.21925,90.154,296.54403155772314,4.0
7768,55,257.21925,90.154,296.54403155772314,4.0
7768,55,257.21925,90.154,296.54403155772314,4.0
7768,63,217.54106666666667,90.34,203.628867095605,6.0
7768,63,217.54106666666667,90.34,203.628867095605,6.0
7768,63,217.54106666666667,90.34,203.628867095605,6.0
7768,63,217.54106666666667,90.34,203.628867095605,6.0
7768,77,191.89633333333333,91.443,159.48406450873688,12.0
7768,77,191.89633333333333,91.443,159.48406450873688,12.0
7768,77,191.89633333333333,91.443,159.48406450873688,12.0
7768,77,191.89633333333333,91.443,159.48406450873688,12.0
7768,81,152.4522,92.101,97.67640363955817,18.0
7768,81,152.4522,92.101,97.67640363955817,18.0
7768,81,152.4522,92.101,97.67640363955817,18.0
7768,81,152.4522,92.101,97.67640363955817,18.0
7772,1,156.97155555555554,89.617,139.76144211677357,1.0
7772,1,156.97155555555554,89.617,139.76144211677357,1.0
7772,1,156.97155555555554,89.617,139.76144211677357,1.0
7772,1,156.97155555555554,89.617,139.76144211677357,1.0
7772,2,150.14592307692308,91.922,143.79353263929232,17.0
7772,2,150.14592307692308,91.922,143.79353263929232,17.0
7772,2,150.14592307692308,91.922,143.79353263929232,17.0
7772,2,150.14592307692308,91.922,143.79353263929232,17.0
7772,4,183.73138095238096,92.149,173.4174058560127,20.0
7772,4,183.73138095238096,92.149,173.4174058560127,20.0
7772,4,183.73138095238096,92.149,173.4174058560127,20.0
7772,4,183.73138095238096,92.149,173.4174058560127,20.0
7772,10,162.00039130434783,90.949,184.86864953953244,8.0
7772,10,162.00039130434783,90.949,184.86864953953244,8.0
7772,10,162.00039130434783,90.949,184.86864953953244,8.0
7772,10,162.00039130434783,90.949,184.86864953953244,8.0
7772,11,195.22655,90.1,269.21284002095695,2.0
7772,11,195.22655,90.1,269.21284002095695,2.0
7772,11,195.22655,90.1,269.21284002095695,2.0
7772,11,195.22655,90.1,269.21284002095695,2.0
7772,14,168.42631818181817,90.315,170.99297533824026,3.0
7772,14,168.42631818181817,90.315,170.99297533824026,3.0
7772,14,168.42631818181817,90.315,170.99297533824026,3.0
7772,14,168.42631818181817,90.315,170.99297533824026,3.0
7772,16,148.45411538461536,91.118,142.63007024156153,11.0
7772,16,148.45411538461536,91.118,142.63007024156153,11.0
7772,16,148.45411538461536,91.118,142.63007024156153,11.0
7772,16,148.45411538461536,91.118,142.63007024156153,11.0
7772,18,176.73735,90.577,187.06667385146562,4.0
7772,18,176.73735,90.577,187.06667385146562,4.0
7772,18,176.73735,90.577,187.06667385146562,4.0
7772,18,176.73735,90.577,187.06667385146562,4.0
7772,20,169.69521739130434,91.566,194.5012158011565,16.0
7772,20,169.69521739130434,91.566,194.5012158011565,16.0
7772,20,169.69521739130434,91.566,194.5012158011565,16.0
7772,20,169.69521739130434,91.566,194.5012158011565,16.0
7772,21,135.98250000000002,91.45,127.53567723031311,13.0
7772,21,135.98250000000002,91.45,127.53567723031311,13.0
7772,21,135.98250000000002,91.45,127.53567723031311,13.0
7772,21,135.98250000000002,91.45,127.53567723031311,13.0
7772,22,156.83952,91.11,168.96737917773217,10.0
7772,22,156.83952,91.11,168.96737917773217,10.0
7772,22,156.83952,91.11,168.96737917773217,10.0
7772,22,156.83952,91.11,168.96737917773217,10.0
7772,23,171.46186363636363,91.03,171.1709898232894,9.0
7772,23,171.46186363636363,91.03,171.1709898232894,9.0
7772,23,171.46186363636363,91.03,171.1709898232894,9.0
7772,23,171.46186363636363,91.03,171.1709898232894,9.0
7772,24,177.36004545454546,91.986,212.82767885380125,19.0
7772,24,177.36004545454546,91.986,212.82767885380125,19.0
7772,24,177.36004545454546,91.986,212.82767885380125,19.0
7772,24,177.36004545454546,91.986,212.82767885380125,19.0
7772,27,177.91618181818183,91.552,217.23835878753593,15.0
7772,27,177.91618181818183,91.552,217.23835878753593,15.0
7772,27,177.91618181818183,91.552,217.23835878753593,15.0
7772,27,177.91618181818183,91.552,217.23835878753593,15.0
7772,31,181.314,91.181,225.17625411626187,12.0
7772,31,181.314,91.181,225.17625411626187,12.0
7772,31,181.314,91.181,225.17625411626187,12.0
7772,31,181.314,91.181,225.17625411626187,12.0
7772,44,146.14026923076923,90.787,120.51841699602507,6.0
7772,44,146.14026923076923,90.787,120.51841699602507,6.0
7772,44,146.14026923076923,90.787,120.51841699602507,6.0
7772,44,146.14026923076923,90.787,120.51841699602507,6.0
7772,55,167.24273913043479,90.924,189.66427244486795,7.0
7772,55,167.24273913043479,90.924,189.66427244486795,7.0
7772,55,167.24273913043479,90.924,189.66427244486795,7.0
7772,55,167.24273913043479,90.924,189.66427244486795,7.0
7772,63,144.14753846153846,90.771,134.74213883057996,5.0
7772,63,144.14753846153846,90.771,134.74213883057996,5.0
7772,63,144.14753846153846,90.771,134.74213883057996,5.0
7772,63,144.14753846153846,90.771,134.74213883057996,5.0
7772,77,157.00572,91.97,179.55366737057707,18.0
7772,77,157.00572,91.97,179.55366737057707,18.0
7772,77,157.00572,91.97,179.55366737057707,18.0
7772,77,157.00572,91.97,179.55366737057707,18.0
7772,81,160.80491666666668,91.491,176.28054460090877,14.0
7772,81,160.80491666666668,91.491,176.28054460090877,14.0
7772,81,160.80491666666668,91.491,176.28054460090877,14.0
7772,81,160.80491666666668,91.491,176.28054460090877,14.0
7773,1,134.5561724137931,89.603,99.46414053965255,1.0
7773,1,134.5561724137931,89.603,99.46414053965255,1.0
7773,1,134.5561724137931,89.603,99.46414053965255,1.0
7773,1,134.5561724137931,89.603,99.46414053965255,1.0
7773,2,134.29055172413794,90.959,98.15826438300678,18.0
7773,2,134.29055172413794,90.959,98.15826438300678,18.0
7773,2,134.29055172413794,90.959,98.15826438300678,18.0
7773,2,134.29055172413794,90.959,98.15826438300678,18.0
7773,4,143.55066666666667,90.721,117.21203795247297,12.0
7773,4,143.55066666666667,90.721,117.21203795247297,12.0
7773,4,143.55066666666667,90.721,117.21203795247297,12.0
7773,4,143.55066666666667,90.721,117.21203795247297,12.0
7773,10,140.45839285714285,90.1,115.59281907567741,6.0
7773,10,140.45839285714285,90.1,115.59281907567741,6.0
7773,10,140.45839285714285,90.1,115.59281907567741,6.0
7773,10,140.45839285714285,90.1,115.59281907567741,6.0
7773,11,142.5618846153846,89.902,109.50898744526644,3.0
7773,11,142.5618846153846,89.902,109.50898744526644,3.0
7773,11,142.5618846153846,89.902,109.50898744526644,3.0
7773,11,142.5618846153846,89.902,109.50898744526644,3.0
7773,14,150.59608,89.811,131.3592051824894,2.0
7773,14,150.59608,89.811,131.3592051824894,2.0
7773,14,150.59608,89.811,131.3592051824894,2.0
7773,14,150.59608,89.811,131.3592051824894,2.0
7773,16,142.0914642857143,90.341,119.93384066961453,9.0
7773,16,142.0914642857143,90.341,119.93384066961453,9.0
7773,16,142.0914642857143,90.341,119.93384066961453,9.0
7773,16,142.0914642857143,90.341,119.93384066961453,9.0
7773,18,150.2051923076923,90.11,151.04256733538278,7.0
7773,18,150.2051923076923,90.11,151.04256733538278,7.0
7773,18,150.2051923076923,90.11,151.04256733538278,7.0
7773,18,150.2051923076923,90.11,151.04256733538278,7.0
7773,20,158.05112,90.82,159.78266326743318,15.0
7773,20,158.05112,90.82,159.78266326743318,15.0
7773,20,158.05112,90.82,159.78266326743318,15.0
7773,20,158.05112,90.82,159.78266326743318,15.0
7773,21,133.273,90.921,99.25656777953746,17.0
7773,21,133.273,90.921,99.25656777953746,17.0
7773,21,133.273,90.921,99.25656777953746,17.0
7773,21,133.273,90.921,99.25656777953746,17.0
7773,22,129.77773333333332,90.776,83.06314458671893,13.0
7773,22,129.77773333333332,90.776,83.06314458671893,13.0
7773,22,129.77773333333332,90.776,83.06314458671893,13.0
7773,22,129.77773333333332,90.776,83.06314458671893,13.0
7773,23,144.9100740740741,90.81,124.95714458305137,14.0
7773,23,144.9100740740741,90.81,124.95714458305137,14.0
7773,23,144.9100740740741,90.81,124.95714458305137,14.0
7773,23,144.9100740740741,90.81,124.95714458305137,14.0
7773,24,143.41148148148147,90.837,126.56755751723328,16.0
7773,24,143.41148148148147,90.837,126.56755751723328,16.0
7773,24,143.41148148148147,90.837,126.56755751723328,16.0
7773,24,143.41148148148147,90.837,126.56755751723328,16.0
7773,27,143.69433333333333,90.181,126.425352128085,8.0
7773,27,143.69433333333333,90.181,126.425352128085,8.0
7773,27,143.69433333333333,90.181,126.425352128085,8.0
7773,27,143.69433333333333,90.181,126.425352128085,8.0
7773,31,142.56251851851852,90.039,139.58770350025927,4.0
7773,31,142.56251851851852,90.039,139.58770350025927,4.0
7773,31,142.56251851851852,90.039,139.58770350025927,4.0
7773,31,142.56251851851852,90.039,139.58770350025927,4.0
7773,44,141.4711851851852,90.599,111.59101452589566,11.0
7773,44,141.4711851851852,90.599,111.59101452589566,11.0
7773,44,141.4711851851852,90.599,111.59101452589566,11.0
7773,44,141.4711851851852,90.599,111.59101452589566,11.0
7773,55,136.24441379310346,90.592,92.80283851487837,10.0
7773,55,136.24441379310346,90.592,92.80283851487837,10.0
7773,55,136.24441379310346,90.592,92.80283851487837,10.0
7773,55,136.24441379310346,90.592,92.80283851487837,10.0
7773,63,144.21748148148149,90.07,114.82647876772987,5.0
7773,63,144.21748148148149,90.07,114.82647876772987,5.0
7773,63,144.21748148148149,90.07,114.82647876772987,5.0
7773,63,144.21748148148149,90.07,114.82647876772987,5.0
7773,77,133.09293333333332,91.052,89.98165903085528,20.0
7773,77,133.09293333333332,91.052,89.98165903085528,20.0
7773,77,133.09293333333332,91.052,89.98165903085528,20.0
7773,77,133.09293333333332,91.052,89.98165903085528,20.0
7773,81,152.90184615384615,90.964,149.61762681334594,19.0
7773,81,152.90184615384615,90.964,149.61762681334594,19.0
7773,81,152.90184615384615,90.964,149.61762681334594,19.0
7773,81,152.90184615384615,90.964,149.61762681334594,19.0
7774,1,161.91585,88.485,181.897490626535,1.0
7774,1,161.91585,88.485,181.897490626535,1.0
7774,1,161.91585,88.485,181.897490626535,1.0
7774,1,161.91585,88.485,181.897490626535,1.0
7774,2,161.10216666666668,90.035,115.97439777752311,16.0
7774,2,161.10216666666668,90.035,115.97439777752311,16.0
7774,2,161.10216666666668,90.035,115.97439777752311,16.0
7774,2,161.10216666666668,90.035,115.97439777752311,16.0
7774,4,194.0423529411765,89.69,167.28648830394997,7.0
7774,4,194.0423529411765,89.69,167.28648830394997,7.0
7774,4,194.0423529411765,89.69,167.28648830394997,7.0
7774,4,194.0423529411765,89.69,167.28648830394997,7.0
7774,10,172.2587894736842,89.701,156.3685435372316,9.0
7774,10,172.2587894736842,89.701,156.3685435372316,9.0
7774,10,172.2587894736842,89.701,156.3685435372316,9.0
7774,10,172.2587894736842,89.701,156.3685435372316,9.0
7774,11,191.15133333333333,89.098,180.33960495430122,2.0
7774,11,191.15133333333333,89.098,180.33960495430122,2.0
7774,11,191.15133333333333,89.098,180.33960495430122,2.0
7774,11,191.15133333333333,89.098,180.33960495430122,2.0
7774,14,186.9091,89.483,203.4248065957579,3.0
7774,14,186.9091,89.483,203.4248065957579,3.0
7774,14,186.9091,89.483,203.4248065957579,3.0
7774,14,186.9091,89.483,203.4248065957579,3.0
7774,16,199.809625,89.588,228.57480788014334,6.0
7774,16,199.809625,89.588,228.57480788014334,6.0
7774,16,199.809625,89.588,228.57480788014334,6.0
7774,16,199.809625,89.588,228.57480788014334,6.0
7774,18,187.83925,89.509,191.13589740455765,4.0
7774,18,187.83925,89.509,191.13589740455765,4.0
7774,18,187.83925,89.509,191.13589740455765,4.0
7774,18,187.83925,89.509,191.13589740455765,4.0
7774,20,203.42993333333334,90.131,233.46644451941663,17.0
7774,20,203.42993333333334,90.131,233.46644451941663,17.0
7774,20,203.42993333333334,90.131,233.46644451941663,17.0
7774,20,203.42993333333334,90.131,233.46644451941663,17.0
7774,22,144.49970000000002,90.797,134.0999924492772,19.0
7774,22,144.49970000000002,90.797,134.0999924492772,19.0
7774,22,144.49970000000002,90.797,134.0999924492772,19.0
7774,22,144.49970000000002,90.797,134.0999924492772,19.0
7774,23,169.69838888888887,89.983,170.37753883841427,15.0
7774,23,169.69838888888887,89.983,170.37753883841427,15.0
7774,23,169.69838888888887,89.983,170.37753883841427,15.0
7774,23,169.69838888888887,89.983,170.37753883841427,15.0
7774,24,153.60709523809524,89.917,147.69873157547045,12.0
7774,24,153.60709523809524,89.917,147.69873157547045,12.0
7774,24,153.60709523809524,89.917,147.69873157547045,12.0
7774,24,153.60709523809524,89.917,147.69873157547045,12.0
7774,27,170.02215789473684,89.933,139.14677781441702,13.0
7774,27,170.02215789473684,89.933,139.14677781441702,13.0
7774,27,170.02215789473684,89.933,139.14677781441702,13.0
7774,27,170.02215789473684,89.933,139.14677781441702,13.0
7774,31,171.12063157894735,89.953,149.83440274087852,14.0
7774,31,171.12063157894735,89.953,149.83440274087852,14.0
7774,31,171.12063157894735,89.953,149.83440274087852,14.0
7774,31,171.12063157894735,89.953,149.83440274087852,14.0
7774,44,176.418,89.568,170.68825843426944,5.0
7774,44,176.418,89.568,170.68825843426944,5.0
7774,44,176.418,89.568,170.68825843426944,5.0
7774,44,176.418,89.568,170.68825843426944,5.0
7774,55,193.64362500000001,89.761,210.6074144261918,10.0
7774,55,193.64362500000001,89.761,210.6074144261918,10.0
7774,55,193.64362500000001,89.761,210.6074144261918,10.0
7774,55,193.64362500000001,89.761,210.6074144261918,10.0
7774,63,169.40405263157896,89.811,149.9348720579612,11.0
7774,63,169.40405263157896,89.811,149.9348720579612,11.0
7774,63,169.40405263157896,89.811,149.9348720579612,11.0
7774,63,169.40405263157896,89.811,149.9348720579612,11.0
7774,77,160.5994,90.317,168.77037308044137,18.0
7774,77,160.5994,90.317,168.77037308044137,18.0
7774,77,160.5994,90.317,168.77037308044137,18.0
7774,77,160.5994,90.317,168.77037308044137,18.0
7774,81,147.91913043478263,89.698,128.290922766198,8.0
7774,81,147.91913043478263,89.698,128.290922766198,8.0
7774,81,147.91913043478263,89.698,128.290922766198,8.0
7774,81,147.91913043478263,89.698,128.290922766198,8.0
7775,1,292.26116666666667,88.761,394.8125234978668,15.0
7775,1,292.26116666666667,88.761,394.8125234978668,15.0
7775,1,292.26116666666667,88.761,394.8125234978668,15.0
7775,1,292.26116666666667,88.761,394.8125234978668,15.0
7775,2,158.87783333333334,89.721,79.01945113411149,
7775,2,158.87783333333334,89.721,79.01945113411149,
7775,2,158.87783333333334,89.721,79.01945113411149,
7775,2,158.87783333333334,89.721,79.01945113411149,
7775,4,116.96675,90.447,30.10678169781686,19.0
7775,4,116.96675,90.447,30.10678169781686,19.0
7775,4,116.96675,90.447,30.10678169781686,19.0
7775,4,116.96675,90.447,30.10678169781686,19.0
7775,10,148.61643478260868,89.357,107.19354912025115,10.0
7775,10,148.61643478260868,89.357,107.19354912025115,10.0
7775,10,148.61643478260868,89.357,107.19354912025115,10.0
7775,10,148.61643478260868,89.357,107.19354912025115,10.0
7775,11,194.37633333333332,88.265,159.14315114510697,1.0
7775,11,194.37633333333332,88.265,159.14315114510697,1.0
7775,11,194.37633333333332,88.265,159.14315114510697,1.0
7775,11,194.37633333333332,88.265,159.14315114510697,1.0
7775,14,180.23744444444444,88.73,150.12296520011768,3.0
7775,14,180.23744444444444,88.73,150.12296520011768,3.0
7775,14,180.23744444444444,88.73,150.12296520011768,3.0
7775,14,180.23744444444444,88.73,150.12296520011768,3.0
7775,16,192.3156842105263,88.42,200.40078795934318,2.0
7775,16,192.3156842105263,88.42,200.40078795934318,2.0
7775,16,192.3156842105263,88.42,200.40078795934318,2.0
7775,16,192.3156842105263,88.42,200.40078795934318,2.0
7775,18,165.14995,88.945,156.46007680740718,6.0
7775,18,165.14995,88.945,156.46007680740718,6.0
7775,18,165.14995,88.945,156.46007680740718,6.0
7775,18,165.14995,88.945,156.46007680740718,6.0
7775,20,149.22594117647057,89.517,96.14214269738453,13.0
7775,20,149.22594117647057,89.517,96.14214269738453,13.0
7775,20,149.22594117647057,89.517,96.14214269738453,13.0
7775,20,149.22594117647057,89.517,96.14214269738453,13.0
7775,21,126.7624,90.244,39.86891988195625,18.0
7775,21,126.7624,90.244,39.86891988195625,18.0
7775,21,126.7624,90.244,39.86891988195625,18.0
7775,21,126.7624,90.244,39.86891988195625,18.0
7775,22,124.3623,89.939,40.90404915584262,16.0
7775,22,124.3623,89.939,40.90404915584262,16.0
7775,22,124.3623,89.939,40.90404915584262,16.0
7775,22,124.3623,89.939,40.90404915584262,16.0
7775,23,134.74824999999998,89.994,68.69134900266882,17.0
7775,23,134.74824999999998,89.994,68.69134900266882,17.0
7775,23,134.74824999999998,89.994,68.69134900266882,17.0
7775,23,134.74824999999998,89.994,68.69134900266882,17.0
7775,24,137.2916111111111,89.461,73.36767911959552,12.0
7775,24,137.2916111111111,89.461,73.36767911959552,12.0
7775,24,137.2916111111111,89.461,73.36767911959552,12.0
7775,24,137.2916111111111,89.461,73.36767911959552,12.0
7775,27,139.58638888888888,89.451,81.18601534271106,11.0
7775,27,139.58638888888888,89.451,81.18601534271106,11.0
7775,27,139.58638888888888,89.451,81.18601534271106,11.0
7775,27,139.58638888888888,89.451,81.18601534271106,11.0
7775,31,142.58625,89.078,98.2342535265362,7.0
7775,31,142.58625,89.078,98.2342535265362,7.0
7775,31,142.58625,89.078,98.2342535265362,7.0
7775,31,142.58625,89.078,98.2342535265362,7.0
7775,44,170.2007142857143,89.223,130.5169359129694,8.0
7775,44,170.2007142857143,89.223,130.5169359129694,8.0
7775,44,170.2007142857143,89.223,130.5169359129694,8.0
7775,44,170.2007142857143,89.223,130.5169359129694,8.0
7775,55,153.43208333333334,88.931,96.31295274268169,5.0
7775,55,153.43208333333334,88.931,96.31295274268169,5.0
7775,55,153.43208333333334,88.931,96.31295274268169,5.0
7775,55,153.43208333333334,88.931,96.31295274268169,5.0
7775,63,170.344,88.857,124.46988988196668,4.0
7775,63,170.344,88.857,124.46988988196668,4.0
7775,63,170.344,88.857,124.46988988196668,4.0
7775,63,170.344,88.857,124.46988988196668,4.0
7775,77,137.49944444444444,89.668,72.50783650331348,14.0
7775,77,137.49944444444444,89.668,72.50783650331348,14.0
7775,77,137.49944444444444,89.668,72.50783650331348,14.0
7775,77,137.49944444444444,89.668,72.50783650331348,14.0
7775,81,160.3301304347826,89.243,147.71015334101702,9.0
7775,81,160.3301304347826,89.243,147.71015334101702,9.0
7775,81,160.3301304347826,89.243,147.71015334101702,9.0
7775,81,160.3301304347826,89.243,147.71015334101702,9.0
7779,1,97.6102,91.906,14.51676017539553,2.0
7779,1,97.6102,91.906,14.51676017539553,2.0
7779,1,97.6102,91.906,14.51676017539553,2.0
7779,1,97.6102,91.906,14.51676017539553,2.0
7779,2,99.23126,94.469,10.962527665483101,16.0
7779,2,99.23126,94.469,10.962527665483101,16.0
7779,2,99.23126,94.469,10.962527665483101,16.0
7779,2,99.23126,94.469,10.962527665483101,16.0
7779,4,99.23248,94.122,9.989980727925435,17.0
7779,4,99.23248,94.122,9.989980727925435,17.0
7779,4,99.23248,94.122,9.989980727925435,17.0
7779,4,99.23248,94.122,9.989980727925435,17.0
7779,10,98.5978,93.392,11.07574336899693,9.0
7779,10,98.5978,93.392,11.07574336899693,9.0
7779,10,98.5978,93.392,11.07574336899693,9.0
7779,10,98.5978,93.392,11.07574336899693,9.0
7779,11,97.50492,92.188,16.959143078095565,1.0
7779,11,97.50492,92.188,16.959143078095565,1.0
7779,11,97.50492,92.188,16.959143078095565,1.0
7779,11,97.50492,92.188,16.959143078095565,1.0
7779,14,97.91977999999999,92.24,16.134520275926132,3.0
7779,14,97.91977999999999,92.24,16.134520275926132,3.0
7779,14,97.91977999999999,92.24,16.134520275926132,3.0
7779,14,97.91977999999999,92.24,16.134520275926132,3.0
7779,16,98.36654,93.056,12.262395674040768,7.0
7779,16,98.36654,93.056,12.262395674040768,7.0
7779,16,98.36654,93.056,12.262395674040768,7.0
7779,16,98.36654,93.056,12.262395674040768,7.0
7779,18,97.3425625,95.14,4.560543367358277,
7779,18,97.3425625,95.14,4.560543367358277,
7779,18,97.3425625,95.14,4.560543367358277,
7779,18,97.3425625,95.14,4.560543367358277,
7779,20,98.79925999999999,93.374,10.870133543275498,10.0
7779,20,98.79925999999999,93.374,10.870133543275498,10.0
7779,20,98.79925999999999,93.374,10.870133543275498,10.0
7779,20,98.79925999999999,93.374,10.870133543275498,10.0
7779,21,99.05293999999999,93.609,11.239993416207232,14.0
7779,21,99.05293999999999,93.609,11.239993416207232,14.0
7779,21,99.05293999999999,93.609,11.239993416207232,14.0
7779,21,99.05293999999999,93.609,11.239993416207232,14.0
7779,22,98.85596,93.931,12.125795254380469,11.0
7779,22,98.85596,93.931,12.125795254380469,11.0
7779,22,98.85596,93.931,12.125795254380469,11.0
7779,22,98.85596,93.931,12.125795254380469,11.0
7779,23,104.67907407407408,95.567,17.535735861912404,
7779,23,104.67907407407408,95.567,17.535735861912404,
7779,23,104.67907407407408,95.567,17.535735861912404,
7779,23,104.67907407407408,95.567,17.535735861912404,
7779,24,99.02466,93.894,10.628262624553573,13.0
7779,24,99.02466,93.894,10.628262624553573,13.0
7779,24,99.02466,93.894,10.628262624553573,13.0
7779,24,99.02466,93.894,10.628262624553573,13.0
7779,27,98.91582,93.78,10.46199911273051,12.0
7779,27,98.91582,93.78,10.46199911273051,12.0
7779,27,98.91582,93.78,10.46199911273051,12.0
7779,27,98.91582,93.78,10.46199911273051,12.0
7779,31,98.56116,93.222,11.634390417047271,8.0
7779,31,98.56116,93.222,11.634390417047271,8.0
7779,31,98.56116,93.222,11.634390417047271,8.0
7779,31,98.56116,93.222,11.634390417047271,8.0
7779,44,98.1259,92.941,13.610444660970737,5.0
7779,44,98.1259,92.941,13.610444660970737,5.0
7779,44,98.1259,92.941,13.610444660970737,5.0
7779,44,98.1259,92.941,13.610444660970737,5.0
7779,55,98.22306,92.822,12.352263175799854,6.0
7779,55,98.22306,92.822,12.352263175799854,6.0
7779,55,98.22306,92.822,12.352263175799854,6.0
7779,55,98.22306,92.822,12.352263175799854,6.0
7779,63,98.02246,92.433,15.14634030555429,4.0
7779,63,98.02246,92.433,15.14634030555429,4.0
7779,63,98.02246,92.433,15.14634030555429,4.0
7779,63,98.02246,92.433,15.14634030555429,4.0
7779,77,100.10087755102042,94.384,10.14026642371411,18.0
7779,77,100.10087755102042,94.384,10.14026642371411,18.0
7779,77,100.10087755102042,94.384,10.14026642371411,18.0
7779,77,100.10087755102042,94.384,10.14026642371411,18.0
7779,81,99.20508,94.287,10.642496493382472,15.0
7779,81,99.20508,94.287,10.642496493382472,15.0
7779,81,99.20508,94.287,10.642496493382472,15.0
7779,81,99.20508,94.287,10.642496493382472,15.0
7780,1,185.56356250000002,78.79,222.1762111175175,1.0
7780,1,185.56356250000002,78.79,222.1762111175175,1.0
7780,1,185.56356250000002,78.79,222.1762111175175,1.0
7780,1,185.56356250000002,78.79,222.1762111175175,1.0
7780,2,158.00245,80.074,167.54667754691562,15.0
7780,2,158.00245,80.074,167.54667754691562,15.0
7780,2,158.00245,80.074,167.54667754691562,15.0
7780,2,158.00245,80.074,167.54667754691562,15.0
7780,4,214.88813333333334,79.536,240.49085527752925,7.0
7780,4,214.88813333333334,79.536,240.49085527752925,7.0
7780,4,214.88813333333334,79.536,240.49085527752925,7.0
7780,4,214.88813333333334,79.536,240.49085527752925,7.0
7780,10,156.5145238095238,79.646,198.89944446271778,8.0
7780,10,156.5145238095238,79.646,198.89944446271778,8.0
7780,10,156.5145238095238,79.646,198.89944446271778,8.0
7780,10,156.5145238095238,79.646,198.89944446271778,8.0
7780,11,178.01855555555554,79.293,212.6673839790102,3.0
7780,11,178.01855555555554,79.293,212.6673839790102,3.0
7780,11,178.01855555555554,79.293,212.6673839790102,3.0
7780,11,178.01855555555554,79.293,212.6673839790102,3.0
7780,14,145.34336363636365,79.317,136.3464451531071,4.0
7780,14,145.34336363636365,79.317,136.3464451531071,4.0
7780,14,145.34336363636365,79.317,136.3464451531071,4.0
7780,14,145.34336363636365,79.317,136.3464451531071,4.0
7780,16,217.1971333333333,79.378,322.837785899446,5.0
7780,16,217.1971333333333,79.378,322.837785899446,5.0
7780,16,217.1971333333333,79.378,322.837785899446,5.0
7780,16,217.1971333333333,79.378,322.837785899446,5.0
7780,18,179.81866666666667,79.766,231.8863670597498,10.0
7780,18,179.81866666666667,79.766,231.8863670597498,10.0
7780,18,179.81866666666667,79.766,231.8863670597498,10.0
7780,18,179.81866666666667,79.766,231.8863670597498,10.0
7780,20,196.0024375,81.147,276.0969112115662,20.0
7780,20,196.0024375,81.147,276.0969112115662,20.0
7780,20,196.0024375,81.147,276.0969112115662,20.0
7780,20,196.0024375,81.147,276.0969112115662,20.0
7780,21,134.90533333333335,79.933,142.17909781611186,14.0
7780,21,134.90533333333335,79.933,142.17909781611186,14.0
7780,21,134.90533333333335,79.933,142.17909781611186,14.0
7780,21,134.90533333333335,79.933,142.17909781611186,14.0
7780,22,144.7813846153846,80.399,154.8535869151135,17.0
7780,22,144.7813846153846,80.399,154.8535869151135,17.0
7780,22,144.7813846153846,80.399,154.8535869151135,17.0
7780,22,144.7813846153846,80.399,154.8535869151135,17.0
7780,23,165.49970000000002,79.766,159.2994972764084,11.0
7780,23,165.49970000000002,79.766,159.2994972764084,11.0
7780,23,165.49970000000002,79.766,159.2994972764084,11.0
7780,23,165.49970000000002,79.766,159.2994972764084,11.0
7780,24,155.10714285714286,80.569,189.78763256881558,19.0
7780,24,155.10714285714286,80.569,189.78763256881558,19.0
7780,24,155.10714285714286,80.569,189.78763256881558,19.0
7780,24,155.10714285714286,80.569,189.78763256881558,19.0
7780,27,171.3965,79.806,223.01158429186188,13.0
7780,27,171.3965,79.806,223.01158429186188,13.0
7780,27,171.3965,79.806,223.01158429186188,13.0
7780,27,171.3965,79.806,223.01158429186188,13.0
7780,31,172.38915789473685,80.175,226.3870682590065,16.0
7780,31,172.38915789473685,80.175,226.3870682590065,16.0
7780,31,172.38915789473685,80.175,226.3870682590065,16.0
7780,31,172.38915789473685,80.175,226.3870682590065,16.0
7780,44,166.40284210526315,79.223,215.89174461197305,2.0
7780,44,166.40284210526315,79.223,215.89174461197305,2.0
7780,44,166.40284210526315,79.223,215.89174461197305,2.0
7780,44,166.40284210526315,79.223,215.89174461197305,2.0
7780,55,172.49184210526315,79.505,234.01592167765295,6.0
7780,55,172.49184210526315,79.505,234.01592167765295,6.0
7780,55,172.49184210526315,79.505,234.01592167765295,6.0
7780,55,172.49184210526315,79.505,234.01592167765295,6.0
7780,63,144.31804545454546,79.699,154.9363483847561,9.0
7780,63,144.31804545454546,79.699,154.9363483847561,9.0
7780,63,144.31804545454546,79.699,154.9363483847561,9.0
7780,63,144.31804545454546,79.699,154.9363483847561,9.0
7780,77,162.5705,80.419,164.8411894238923,18.0
7780,77,162.5705,80.419,164.8411894238923,18.0
7780,77,162.5705,80.419,164.8411894238923,18.0
7780,77,162.5705,80.419,164.8411894238923,18.0
7780,81,154.3542380952381,79.777,177.39874690010006,12.0
7780,81,154.3542380952381,79.777,177.39874690010006,12.0
7780,81,154.3542380952381,79.777,177.39874690010006,12.0
7780,81,154.3542380952381,79.777,177.39874690010006,12.0
7781,1,295.46536363636363,79.502,421.9150289439746,3.0
7781,1,295.46536363636363,79.502,421.9150289439746,3.0
7781,1,295.46536363636363,79.502,421.9150289439746,3.0
7781,1,295.46536363636363,79.502,421.9150289439746,3.0
7781,4,197.74068421052633,80.176,272.67132828870297,8.0
7781,4,197.74068421052633,80.176,272.67132828870297,8.0
7781,4,197.74068421052633,80.176,272.67132828870297,8.0
7781,4,197.74068421052633,80.176,272.67132828870297,8.0
7781,10,338.22963636363636,80.206,458.27048230560183,10.0
7781,10,338.22963636363636,80.206,458.27048230560183,10.0
7781,10,338.22963636363636,80.206,458.27048230560183,10.0
7781,10,338.22963636363636,80.206,458.27048230560183,10.0
7781,11,264.35292857142855,80.083,368.70297845234603,7.0
7781,11,264.35292857142855,80.083,368.70297845234603,7.0
7781,11,264.35292857142855,80.083,368.70297845234603,7.0
7781,11,264.35292857142855,80.083,368.70297845234603,7.0
7781,14,310.6798333333333,78.887,411.4399036922275,1.0
7781,14,310.6798333333333,78.887,411.4399036922275,1.0
7781,14,310.6798333333333,78.887,411.4399036922275,1.0
7781,14,310.6798333333333,78.887,411.4399036922275,1.0
7781,16,243.47899999999996,79.332,282.6680415405018,2.0
7781,16,243.47899999999996,79.332,282.6680415405018,2.0
7781,16,243.47899999999996,79.332,282.6680415405018,2.0
7781,16,243.47899999999996,79.332,282.6680415405018,2.0
7781,18,269.5397142857143,80.579,363.20536716567557,16.0
7781,18,269.5397142857143,80.579,363.20536716567557,16.0
7781,18,269.5397142857143,80.579,363.20536716567557,16.0
7781,18,269.5397142857143,80.579,363.20536716567557,16.0
7781,20,210.29282352941178,81.266,281.5586350326712,19.0
7781,20,210.29282352941178,81.266,281.5586350326712,19.0
7781,20,210.29282352941178,81.266,281.5586350326712,19.0
7781,20,210.29282352941178,81.266,281.5586350326712,19.0
7781,21,94.69514285714286,80.6,15.669073218744991,17.0
7781,21,94.69514285714286,80.6,15.669073218744991,17.0
7781,21,94.69514285714286,80.6,15.669073218744991,17.0
7781,21,94.69514285714286,80.6,15.669073218744991,17.0
7781,22,219.10994117647058,80.22,489.3180253872649,11.0
7781,22,219.10994117647058,80.22,489.3180253872649,11.0
7781,22,219.10994117647058,80.22,489.3180253872649,11.0
7781,22,219.10994117647058,80.22,489.3180253872649,11.0
7781,23,188.16088235294117,81.182,375.45606149971997,18.0
7781,23,188.16088235294117,81.182,375.45606149971997,18.0
7781,23,188.16088235294117,81.182,375.45606149971997,18.0
7781,23,188.16088235294117,81.182,375.45606149971997,18.0
7781,24,178.9599523809524,80.47,317.1586189161773,15.0
7781,24,178.9599523809524,80.47,317.1586189161773,15.0
7781,24,178.9599523809524,80.47,317.1586189161773,15.0
7781,24,178.9599523809524,80.47,317.1586189161773,15.0
7781,27,213.7215,80.194,420.6118481003529,9.0
7781,27,213.7215,80.194,420.6118481003529,9.0
7781,27,213.7215,80.194,420.6118481003529,9.0
7781,27,213.7215,80.194,420.6118481003529,9.0
7781,31,160.9678181818182,79.725,179.2810058426887,6.0
7781,31,160.9678181818182,79.725,179.2810058426887,6.0
7781,31,160.9678181818182,79.725,179.2810058426887,6.0
7781,31,160.9678181818182,79.725,179.2810058426887,6.0
7781,44,237.7098125,80.323,313.72997809494774,13.0
7781,44,237.7098125,80.323,313.72997809494774,13.0
7781,44,237.7098125,80.323,313.72997809494774,13.0
7781,44,237.7098125,80.323,313.72997809494774,13.0
7781,55,212.8771,79.695,237.88994322259882,5.0
7781,55,212.8771,79.695,237.88994322259882,5.0
7781,55,212.8771,79.695,237.88994322259882,5.0
7781,55,212.8771,79.695,237.88994322259882,5.0
7781,63,197.93047368421054,79.672,271.80866862828213,4.0
7781,63,197.93047368421054,79.672,271.80866862828213,4.0
7781,63,197.93047368421054,79.672,271.80866862828213,4.0
7781,63,197.93047368421054,79.672,271.80866862828213,4.0
7781,77,181.16766666666666,80.312,332.4866000129579,12.0
7781,77,181.16766666666666,80.312,332.4866000129579,12.0
7781,77,181.16766666666666,80.312,332.4866000129579,12.0
7781,77,181.16766666666666,80.312,332.4866000129579,12.0
7781,81,167.71186363636363,80.38,314.0803763639918,14.0
7781,81,167.71186363636363,80.38,314.0803763639918,14.0
7781,81,167.71186363636363,80.38,314.0803763639918,14.0
7781,81,167.71186363636363,80.38,314.0803763639918,14.0
7782,1,140.97613043478262,77.565,167.97134536379545,1.0
7782,1,140.97613043478262,77.565,167.97134536379545,1.0
7782,1,140.97613043478262,77.565,167.97134536379545,1.0
7782,1,140.97613043478262,77.565,167.97134536379545,1.0
7782,2,141.29052631578946,78.947,135.45701295328334,17.0
7782,2,141.29052631578946,78.947,135.45701295328334,17.0
7782,2,141.29052631578946,78.947,135.45701295328334,17.0
7782,2,141.29052631578946,78.947,135.45701295328334,17.0
7782,4,89.43418181818183,79.146,14.233036629163278,20.0
7782,4,89.43418181818183,79.146,14.233036629163278,20.0
7782,4,89.43418181818183,79.146,14.233036629163278,20.0
7782,4,89.43418181818183,79.146,14.233036629163278,20.0
7782,10,139.46445454545454,78.094,162.8278666231072,5.0
7782,10,139.46445454545454,78.094,162.8278666231072,5.0
7782,10,139.46445454545454,78.094,162.8278666231072,5.0
7782,10,139.46445454545454,78.094,162.8278666231072,5.0
7782,11,139.03682352941178,78.123,114.66980971037309,6.0
7782,11,139.03682352941178,78.123,114.66980971037309,6.0
7782,11,139.03682352941178,78.123,114.66980971037309,6.0
7782,11,139.03682352941178,78.123,114.66980971037309,6.0
7782,14,149.84088,77.727,140.10709806237585,2.0
7782,14,149.84088,77.727,140.10709806237585,2.0
7782,14,149.84088,77.727,140.10709806237585,2.0
7782,14,149.84088,77.727,140.10709806237585,2.0
7782,16,136.4502962962963,78.691,124.38016048331548,13.0
7782,16,136.4502962962963,78.691,124.38016048331548,13.0
7782,16,136.4502962962963,78.691,124.38016048331548,13.0
7782,16,136.4502962962963,78.691,124.38016048331548,13.0
7782,18,164.38765,78.198,185.3048530346819,9.0
7782,18,164.38765,78.198,185.3048530346819,9.0
7782,18,164.38765,78.198,185.3048530346819,9.0
7782,18,164.38765,78.198,185.3048530346819,9.0
7782,20,147.7258,79.056,191.00279232799429,18.0
7782,20,147.7258,79.056,191.00279232799429,18.0
7782,20,147.7258,79.056,191.00279232799429,18.0
7782,20,147.7258,79.056,191.00279232799429,18.0
7782,21,126.68277272727272,79.092,138.06256933838213,19.0
7782,21,126.68277272727272,79.092,138.06256933838213,19.0
7782,21,126.68277272727272,79.092,138.06256933838213,19.0
7782,21,126.68277272727272,79.092,138.06256933838213,19.0
7782,22,136.9597619047619,78.901,161.98176389874837,16.0
7782,22,136.9597619047619,78.901,161.98176389874837,16.0
7782,22,136.9597619047619,78.901,161.98176389874837,16.0
7782,22,136.9597619047619,78.901,161.98176389874837,16.0
7782,23,130.12555,78.553,98.85022614674834,12.0
7782,23,130.12555,78.553,98.85022614674834,12.0
7782,23,130.12555,78.553,98.85022614674834,12.0
7782,23,130.12555,78.553,98.85022614674834,12.0
7782,24,178.4423157894737,78.33,206.15378477529572,10.0
7782,24,178.4423157894737,78.33,206.15378477529572,10.0
7782,24,178.4423157894737,78.33,206.15378477529572,10.0
7782,24,178.4423157894737,78.33,206.15378477529572,10.0
7782,27,160.97673913043477,78.41,229.80192360277488,11.0
7782,27,160.97673913043477,78.41,229.80192360277488,11.0
7782,27,160.97673913043477,78.41,229.80192360277488,11.0
7782,27,160.97673913043477,78.41,229.80192360277488,11.0
7782,31,146.56913636363637,77.938,190.18459138361158,3.0
7782,31,146.56913636363637,77.938,190.18459138361158,3.0
7782,31,146.56913636363637,77.938,190.18459138361158,3.0
7782,31,146.56913636363637,77.938,190.18459138361158,3.0
7782,44,132.09579166666666,78.138,141.02718481827068,8.0
7782,44,132.09579166666666,78.138,141.02718481827068,8.0
7782,44,132.09579166666666,78.138,141.02718481827068,8.0
7782,44,132.09579166666666,78.138,141.02718481827068,8.0
7782,55,134.1550357142857,78.127,119.56917870948172,7.0
7782,55,134.1550357142857,78.127,119.56917870948172,7.0
7782,55,134.1550357142857,78.127,119.56917870948172,7.0
7782,55,134.1550357142857,78.127,119.56917870948172,7.0
7782,63,141.78781818181818,77.955,187.3578394183355,4.0
7782,63,141.78781818181818,77.955,187.3578394183355,4.0
7782,63,141.78781818181818,77.955,187.3578394183355,4.0
7782,63,141.78781818181818,77.955,187.3578394183355,4.0
7782,77,145.3287391304348,78.809,155.9729493045008,15.0
7782,77,145.3287391304348,78.809,155.9729493045008,15.0
7782,77,145.3287391304348,78.809,155.9729493045008,15.0
7782,77,145.3287391304348,78.809,155.9729493045008,15.0
7782,81,141.1914,78.713,153.02097370411997,14.0
7782,81,141.1914,78.713,153.02097370411997,14.0
7782,81,141.1914,78.713,153.02097370411997,14.0
7782,81,141.1914,78.713,153.02097370411997,14.0
7783,1,166.05621739130433,76.732,160.47122838486996,1.0
7783,1,166.05621739130433,76.732,160.47122838486996,1.0
7783,1,166.05621739130433,76.732,160.47122838486996,1.0
7783,2,145.8483,78.557,153.50377668141792,18.0
7783,2,145.8483,78.557,153.50377668141792,18.0
7783,2,145.8483,78.557,153.50377668141792,18.0
7783,4,127.22665217391305,78.119,103.61915963273822,13.0
7783,4,127.22665217391305,78.119,103.61915963273822,13.0
7783,4,127.22665217391305,78.119,103.61915963273822,13.0
7783,10,152.51536,77.574,172.7451598076289,9.0
7783,10,152.51536,77.574,172.7451598076289,9.0
7783,10,152.51536,77.574,172.7451598076289,9.0
7783,11,100.187,100.187,0.0,
7783,11,100.187,100.187,0.0,
7783,11,100.187,100.187,0.0,
7783,14,153.21524,77.139,160.81496773326083,4.0
7783,14,153.21524,77.139,160.81496773326083,4.0
7783,14,153.21524,77.139,160.81496773326083,4.0
7783,16,153.71851999999998,77.369,115.67044337071289,7.0
7783,16,153.71851999999998,77.369,115.67044337071289,7.0
7783,16,153.71851999999998,77.369,115.67044337071289,7.0
7783,18,152.62032000000002,77.308,145.7925027790246,6.0
7783,18,152.62032000000002,77.308,145.7925027790246,6.0
7783,18,152.62032000000002,77.308,145.7925027790246,6.0
7783,20,168.32217647058823,78.129,177.53334613392556,14.0
7783,20,168.32217647058823,78.129,177.53334613392556,14.0
7783,20,168.32217647058823,78.129,177.53334613392556,14.0
7783,21,132.16972727272727,78.335,119.83942409876838,15.0
7783,21,132.16972727272727,78.335,119.83942409876838,15.0
7783,21,132.16972727272727,78.335,119.83942409876838,15.0
7783,22,140.60070000000002,78.099,131.11096242034773,12.0
7783,22,140.60070000000002,78.099,131.11096242034773,12.0
7783,22,140.60070000000002,78.099,131.11096242034773,12.0
7783,23,150.21564,77.609,152.35764349781238,8.0
7783,23,150.21564,77.609,152.35764349781238,8.0
7783,23,150.21564,77.609,152.35764349781238,8.0
7783,24,140.30363636363637,78.54,144.8298282670515,17.0
7783,24,140.30363636363637,78.54,144.8298282670515,17.0
7783,24,140.30363636363637,78.54,144.8298282670515,17.0
7783,27,156.73250000000002,77.412,164.23499487203352,10.0
7783,27,156.73250000000002,77.412,164.23499487203352,10.0
7783,27,156.73250000000002,77.412,164.23499487203352,10.0
7783,31,153.46411764705883,77.768,167.54330109397355,11.0
7783,31,153.46411764705883,77.768,167.54330109397355,11.0
7783,31,153.46411764705883,77.768,167.54330109397355,11.0
7783,44,142.18774074074074,77.104,135.8331285465532,3.0
7783,44,142.18774074074074,77.104,135.8331285465532,3.0
7783,44,142.18774074074074,77.104,135.8331285465532,3.0
7783,55,142.04855555555557,77.27,103.58586779708418,5.0
7783,55,142.04855555555557,77.27,103.58586779708418,5.0
7783,55,142.04855555555557,77.27,103.58586779708418,5.0
7783,63,137.22767857142858,76.968,126.61193744868567,2.0
7783,63,137.22767857142858,76.968,126.61193744868567,2.0
7783,63,137.22767857142858,76.968,126.61193744868567,2.0
7783,77,137.0069090909091,78.714,149.8558212967475,19.0
7783,77,137.0069090909091,78.714,149.8558212967475,19.0
7783,77,137.0069090909091,78.714,149.8558212967475,19.0
7783,81,138.16118181818183,78.517,132.37882517831508,16.0
7783,81,138.16118181818183,78.517,132.37882517831508,16.0
7783,81,138.16118181818183,78.517,132.37882517831508,16.0
7787,1,157.90900000000002,80.342,305.3232920054232,1.0
7787,1,157.90900000000002,80.342,305.3232920054232,1.0
7787,1,157.90900000000002,80.342,305.3232920054232,1.0
7787,2,125.112,81.456,157.88105436650798,16.0
7787,2,125.112,81.456,157.88105436650798,16.0
7787,2,125.112,81.456,157.88105436650798,16.0
7787,4,157.97153448275864,81.173,301.665625371468,6.0
7787,4,157.97153448275864,81.173,301.665625371468,6.0
7787,4,157.97153448275864,81.173,301.665625371468,6.0
7787,10,125.06760714285714,80.995,179.80754422031168,13.0
7787,10,125.06760714285714,80.995,179.80754422031168,13.0
7787,10,125.06760714285714,80.995,179.80754422031168,13.0
7787,11,158.41394736842105,80.235,304.9674705244376,5.0
7787,11,158.41394736842105,80.235,304.9674705244376,5.0
7787,11,158.41394736842105,80.235,304.9674705244376,5.0
7787,14,157.92218965517242,80.476,300.86609309933846,3.0
7787,14,157.92218965517242,80.476,300.86609309933846,3.0
7787,14,157.92218965517242,80.476,300.86609309933846,3.0
7787,16,,,,
7787,16,,,,
7787,16,,,,
7787,18,157.9616551724138,80.934,300.7712729700221,4.0
7787,18,157.9616551724138,80.934,300.7712729700221,4.0
7787,18,157.9616551724138,80.934,300.7712729700221,4.0
7787,20,108.3633846153846,81.685,140.89147450291645,17.0
7787,20,108.3633846153846,81.685,140.89147450291645,17.0
7787,20,108.3633846153846,81.685,140.89147450291645,17.0
7787,21,125.107375,81.183,154.8984461402597,15.0
7787,21,125.107375,81.183,154.8984461402597,15.0
7787,21,125.107375,81.183,154.8984461402597,15.0
7787,22,158.01222413793104,81.789,299.5367527305454,10.0
7787,22,158.01222413793104,81.789,299.5367527305454,10.0
7787,22,158.01222413793104,81.789,299.5367527305454,10.0
7787,23,103.03633333333333,83.349,21.38331039413132,
7787,23,103.03633333333333,83.349,21.38331039413132,
7787,23,103.03633333333333,83.349,21.38331039413132,
7787,24,158.00793103448277,81.819,300.2501854826875,9.0
7787,24,158.00793103448277,81.819,300.2501854826875,9.0
7787,24,158.00793103448277,81.819,300.2501854826875,9.0
7787,27,157.99291379310344,81.124,301.3466929068865,7.0
7787,27,157.99291379310344,81.124,301.3466929068865,7.0
7787,27,157.99291379310344,81.124,301.3466929068865,7.0
7787,31,125.09164285714286,81.203,180.7418940159102,14.0
7787,31,125.09164285714286,81.203,180.7418940159102,14.0
7787,31,125.09164285714286,81.203,180.7418940159102,14.0
7787,44,157.91205172413794,80.613,307.2712334521871,2.0
7787,44,157.91205172413794,80.613,307.2712334521871,2.0
7787,44,157.91205172413794,80.613,307.2712334521871,2.0
7787,55,157.9365,80.467,301.6968179317756,12.0
7787,55,157.9365,80.467,301.6968179317756,12.0
7787,55,157.9365,80.467,301.6968179317756,12.0
7787,63,158.6505294117647,82.68,236.8329180480072,
7787,63,158.6505294117647,82.68,236.8329180480072,
7787,63,158.6505294117647,82.68,236.8329180480072,
7787,77,158.38119298245616,82.233,293.21484998422966,11.0
7787,77,158.38119298245616,82.233,293.21484998422966,11.0
7787,77,158.38119298245616,82.233,293.21484998422966,11.0
7787,81,158.00070689655172,81.335,300.6293874108988,8.0
7787,81,158.00070689655172,81.335,300.6293874108988,8.0
7787,81,158.00070689655172,81.335,300.6293874108988,8.0
7953,1,98.8960701754386,96.236,4.958936083350353,1.0
7953,1,98.8960701754386,96.236,4.958936083350353,1.0
7953,1,98.8960701754386,96.236,4.958936083350353,1.0
7953,1,98.8960701754386,96.236,4.958936083350353,1.0
7953,2,100.68108928571428,96.037,5.720567431721367,12.0
7953,2,100.68108928571428,96.037,5.720567431721367,12.0
7953,2,100.68108928571428,96.037,5.720567431721367,12.0
7953,2,100.68108928571428,96.037,5.720567431721367,12.0
7953,4,102.61347272727272,95.257,9.828344674710735,17.0
7953,4,102.61347272727272,95.257,9.828344674710735,17.0
7953,4,102.61347272727272,95.257,9.828344674710735,17.0
7953,4,102.61347272727272,95.257,9.828344674710735,17.0
7953,10,100.19070175438597,95.068,6.105371471854607,9.0
7953,10,100.19070175438597,95.068,6.105371471854607,9.0
7953,10,100.19070175438597,95.068,6.105371471854607,9.0
7953,10,100.19070175438597,95.068,6.105371471854607,9.0
7953,11,99.10640350877192,96.344,5.180449985930539,2.0
7953,11,99.10640350877192,96.344,5.180449985930539,2.0
7953,11,99.10640350877192,96.344,5.180449985930539,2.0
7953,11,99.10640350877192,96.344,5.180449985930539,2.0
7953,14,99.57426315789473,96.156,5.417190625596923,3.0
7953,14,99.57426315789473,96.156,5.417190625596923,3.0
7953,14,99.57426315789473,96.156,5.417190625596923,3.0
7953,14,99.57426315789473,96.156,5.417190625596923,3.0
7953,16,99.65376923076923,97.17,4.650409721590135,
7953,16,99.65376923076923,97.17,4.650409721590135,
7953,16,99.65376923076923,97.17,4.650409721590135,
7953,16,99.65376923076923,97.17,4.650409721590135,
7953,18,99.85233333333332,96.546,5.367829419919282,6.0
7953,18,99.85233333333332,96.546,5.367829419919282,6.0
7953,18,99.85233333333332,96.546,5.367829419919282,6.0
7953,18,99.85233333333332,96.546,5.367829419919282,6.0
7953,20,100.96132142857142,96.471,5.876888176630126,13.0
7953,20,100.96132142857142,96.471,5.876888176630126,13.0
7953,20,100.96132142857142,96.471,5.876888176630126,13.0
7953,20,100.96132142857142,96.471,5.876888176630126,13.0
7953,21,101.06505357142858,97.709,4.995819441242236,14.0
7953,21,101.06505357142858,97.709,4.995819441242236,14.0
7953,21,101.06505357142858,97.709,4.995819441242236,14.0
7953,21,101.06505357142858,97.709,4.995819441242236,14.0
7953,22,100.49043859649123,96.637,6.077413929551193,11.0
7953,22,100.49043859649123,96.637,6.077413929551193,11.0
7953,22,100.49043859649123,96.637,6.077413929551193,11.0
7953,22,100.49043859649123,96.637,6.077413929551193,11.0
7953,23,100.47138596491227,97.144,5.79010816742338,10.0
7953,23,100.47138596491227,97.144,5.79010816742338,10.0
7953,23,100.47138596491227,97.144,5.79010816742338,10.0
7953,23,100.47138596491227,97.144,5.79010816742338,10.0
7953,24,101.36876785714286,93.996,6.121588802797173,16.0
7953,24,101.36876785714286,93.996,6.121588802797173,16.0
7953,24,101.36876785714286,93.996,6.121588802797173,16.0
7953,24,101.36876785714286,93.996,6.121588802797173,16.0
7953,27,101.08948214285714,96.616,7.011354005199481,15.0
7953,27,101.08948214285714,96.616,7.011354005199481,15.0
7953,27,101.08948214285714,96.616,7.011354005199481,15.0
7953,27,101.08948214285714,96.616,7.011354005199481,15.0
7953,31,102.92617073170732,96.797,9.617284980706335,
7953,31,102.92617073170732,96.797,9.617284980706335,
7953,31,102.92617073170732,96.797,9.617284980706335,
7953,31,102.92617073170732,96.797,9.617284980706335,
7953,44,99.79061403508771,96.546,5.387993000444766,5.0
7953,44,99.79061403508771,96.546,5.387993000444766,5.0
7953,44,99.79061403508771,96.546,5.387993000444766,5.0
7953,44,99.79061403508771,96.546,5.387993000444766,5.0
7953,55,99.73963157894737,97.13,5.299798798048032,4.0
7953,55,99.73963157894737,97.13,5.299798798048032,4.0
7953,55,99.73963157894737,97.13,5.299798798048032,4.0
7953,55,99.73963157894737,97.13,5.299798798048032,4.0
7953,63,99.87652631578946,97.035,5.488929077498328,7.0
7953,63,99.87652631578946,97.035,5.488929077498328,7.0
7953,63,99.87652631578946,97.035,5.488929077498328,7.0
7953,63,99.87652631578946,97.035,5.488929077498328,7.0
7953,77,100.17121052631579,97.379,4.693638145317965,8.0
7953,77,100.17121052631579,97.379,4.693638145317965,8.0
7953,77,100.17121052631579,97.379,4.693638145317965,8.0
7953,77,100.17121052631579,97.379,4.693638145317965,8.0
7953,81,103.29646153846154,100.691,5.824548476858614,
7953,81,103.29646153846154,100.691,5.824548476858614,
7953,81,103.29646153846154,100.691,5.824548476858614,
7953,81,103.29646153846154,100.691,5.824548476858614,
9063,1,179.67957142857142,102.315,197.9581481756991,1.0
9063,1,179.67957142857142,102.315,197.9581481756991,1.0
9063,1,179.67957142857142,102.315,197.9581481756991,1.0
9063,2,206.62621428571427,104.9,248.1277372686797,16.0
9063,2,206.62621428571427,104.9,248.1277372686797,16.0
9063,2,206.62621428571427,104.9,248.1277372686797,16.0
9063,4,188.3489,103.125,222.77705604898867,5.0
9063,4,188.3489,103.125,222.77705604898867,5.0
9063,4,188.3489,103.125,222.77705604898867,5.0
9063,10,114.04220000000001,106.321,11.159860125851557,19.0
9063,10,114.04220000000001,106.321,11.159860125851557,19.0
9063,10,114.04220000000001,106.321,11.159860125851557,19.0
9063,11,183.64319047619048,102.454,196.32500904136532,3.0
9063,11,183.64319047619048,102.454,196.32500904136532,3.0
9063,11,183.64319047619048,102.454,196.32500904136532,3.0
9063,14,213.0272222222222,103.56,270.0368051215455,8.0
9063,14,213.0272222222222,103.56,270.0368051215455,8.0
9063,14,213.0272222222222,103.56,270.0368051215455,8.0
9063,16,187.63565000000003,102.352,210.8168693176837,2.0
9063,16,187.63565000000003,102.352,210.8168693176837,2.0
9063,16,187.63565000000003,102.352,210.8168693176837,2.0
9063,18,179.95166666666665,103.455,203.26823208914172,7.0
9063,18,179.95166666666665,103.455,203.26823208914172,7.0
9063,18,179.95166666666665,103.455,203.26823208914172,7.0
9063,20,114.70666666666665,107.498,6.578373945338304,20.0
9063,20,114.70666666666665,107.498,6.578373945338304,20.0
9063,20,114.70666666666665,107.498,6.578373945338304,20.0
9063,21,171.29677272727272,103.414,185.77813431483642,6.0
9063,21,171.29677272727272,103.414,185.77813431483642,6.0
9063,21,171.29677272727272,103.414,185.77813431483642,6.0
9063,22,225.32876470588235,104.137,313.5856451086745,14.0
9063,22,225.32876470588235,104.137,313.5856451086745,14.0
9063,22,225.32876470588235,104.137,313.5856451086745,14.0
9063,23,166.4201304347826,103.628,174.67325939508694,9.0
9063,23,166.4201304347826,103.628,174.67325939508694,9.0
9063,23,166.4201304347826,103.628,174.67325939508694,9.0
9063,24,179.70585714285716,103.748,198.59832201154632,10.0
9063,24,179.70585714285716,103.748,198.59832201154632,10.0
9063,24,179.70585714285716,103.748,198.59832201154632,10.0
9063,27,202.70163157894737,104.323,240.3291788306518,15.0
9063,27,202.70163157894737,104.323,240.3291788306518,15.0
9063,27,202.70163157894737,104.323,240.3291788306518,15.0
9063,31,120.91533333333334,105.955,17.19928736553794,18.0
9063,31,120.91533333333334,105.955,17.19928736553794,18.0
9063,31,120.91533333333334,105.955,17.19928736553794,18.0
9063,44,195.1421052631579,103.798,195.05378398906547,11.0
9063,44,195.1421052631579,103.798,195.05378398906547,11.0
9063,44,195.1421052631579,103.798,195.05378398906547,11.0
9063,55,184.14828571428572,102.899,208.2025472406563,4.0
9063,55,184.14828571428572,102.899,208.2025472406563,4.0
9063,55,184.14828571428572,102.899,208.2025472406563,4.0
9063,63,209.82883333333334,105.082,231.2134600151541,17.0
9063,63,209.82883333333334,105.082,231.2134600151541,17.0
9063,63,209.82883333333334,105.082,231.2134600151541,17.0
9063,77,184.33585714285715,104.01,214.5505968686007,13.0
9063,77,184.33585714285715,104.01,214.5505968686007,13.0
9063,77,184.33585714285715,104.01,214.5505968686007,13.0
9063,81,178.37319047619047,103.98,214.05650430193225,12.0
9063,81,178.37319047619047,103.98,214.05650430193225,12.0
9063,81,178.37319047619047,103.98,214.05650430193225,12.0
9064,1,311.5645,100.391,447.4754902514631,2.0
9064,1,311.5645,100.391,447.4754902514631,2.0
9064,1,311.5645,100.391,447.4754902514631,2.0
9064,2,249.9018125,102.242,296.7150852336622,15.0
9064,2,249.9018125,102.242,296.7150852336622,15.0
9064,2,249.9018125,102.242,296.7150852336622,15.0
9064,4,316.09275,101.281,481.0270335629841,7.0
9064,4,316.09275,101.281,481.0270335629841,7.0
9064,4,316.09275,101.281,481.0270335629841,7.0
9064,10,469.0433333333333,104.853,530.6215897998779,19.0
9064,10,469.0433333333333,104.853,530.6215897998779,19.0
9064,10,469.0433333333333,104.853,530.6215897998779,19.0
9064,11,287.4796111111111,100.495,289.99973912261635,3.0
9064,11,287.4796111111111,100.495,289.99973912261635,3.0
9064,11,287.4796111111111,100.495,289.99973912261635,3.0
9064,14,265.43052631578945,101.253,438.24836007521,6.0
9064,14,265.43052631578945,101.253,438.24836007521,6.0
9064,14,265.43052631578945,101.253,438.24836007521,6.0
9064,16,292.6970588235294,100.203,456.6475491451327,1.0
9064,16,292.6970588235294,100.203,456.6475491451327,1.0
9064,16,292.6970588235294,100.203,456.6475491451327,1.0
9064,18,263.2504210526316,101.576,301.2791127505325,9.0
9064,18,263.2504210526316,101.576,301.2791127505325,9.0
9064,18,263.2504210526316,101.576,301.2791127505325,9.0
9064,20,405.55316666666664,103.417,425.19224959723664,18.0
9064,20,405.55316666666664,103.417,425.19224959723664,18.0
9064,20,405.55316666666664,103.417,425.19224959723664,18.0
9064,21,115.282,115.282,0.0,
9064,21,115.282,115.282,0.0,
9064,21,115.282,115.282,0.0,
9064,22,254.2612,101.569,414.8221716310149,8.0
9064,22,254.2612,101.569,414.8221716310149,8.0
9064,22,254.2612,101.569,414.8221716310149,8.0
9064,23,251.0539375,101.818,299.73372872320374,13.0
9064,23,251.0539375,101.818,299.73372872320374,13.0
9064,23,251.0539375,101.818,299.73372872320374,13.0
9064,24,342.91124999999994,102.642,404.3835892411894,16.0
9064,24,342.91124999999994,102.642,404.3835892411894,16.0
9064,24,342.91124999999994,102.642,404.3835892411894,16.0
9064,27,343.003,102.755,613.1876549978311,17.0
9064,27,343.003,102.755,613.1876549978311,17.0
9064,27,343.003,102.755,613.1876549978311,17.0
9064,31,251.74725,101.798,305.26018064563954,12.0
9064,31,251.74725,101.798,305.26018064563954,12.0
9064,31,251.74725,101.798,305.26018064563954,12.0
9064,44,247.8924761904762,101.177,272.24800790964406,5.0
9064,44,247.8924761904762,101.177,272.24800790964406,5.0
9064,44,247.8924761904762,101.177,272.24800790964406,5.0
9064,55,250.15095000000002,101.016,277.4963305238788,4.0
9064,55,250.15095000000002,101.016,277.4963305238788,4.0
9064,55,250.15095000000002,101.016,277.4963305238788,4.0
9064,63,262.19113333333337,101.654,313.3613819819916,11.0
9064,63,262.19113333333337,101.654,313.3613819819916,11.0
9064,63,262.19113333333337,101.654,313.3613819819916,11.0
9064,77,252.9139375,102.259,303.59127795676466,14.0
9064,77,252.9139375,102.259,303.59127795676466,14.0
9064,77,252.9139375,102.259,303.59127795676466,14.0
9064,81,251.80195,101.611,295.49210331743825,10.0
9064,81,251.80195,101.611,295.49210331743825,10.0
9064,81,251.80195,101.611,295.49210331743825,10.0
9069,1,117.82858823529412,103.723,24.84768982874086,3.0
9069,1,117.82858823529412,103.723,24.84768982874086,3.0
9069,4,120.53652941176472,104.484,23.09809863122714,17.0
9069,4,120.53652941176472,104.484,23.09809863122714,17.0
9069,10,119.70235294117647,105.883,22.1784518735646,13.0
9069,10,119.70235294117647,105.883,22.1784518735646,13.0
9069,11,117.53158823529412,103.616,25.529199273034035,1.0
9069,11,117.53158823529412,103.616,25.529199273034035,1.0
9069,14,118.213,104.544,24.18801349028193,6.0
9069,14,118.213,104.544,24.18801349028193,6.0
9069,16,117.79517647058823,103.646,25.588814976612497,2.0
9069,16,117.79517647058823,103.646,25.588814976612497,2.0
9069,18,118.61482352941177,104.855,23.499578521649855,8.0
9069,18,118.61482352941177,104.855,23.499578521649855,8.0
9069,20,119.17823529411764,105.349,22.81037548222143,11.0
9069,20,119.17823529411764,105.349,22.81037548222143,11.0
9069,21,119.97994117647059,105.768,21.95792057127944,14.0
9069,21,119.97994117647059,105.768,21.95792057127944,14.0
9069,22,278.7825,216.592,71.81140383207483,
9069,22,278.7825,216.592,71.81140383207483,
9069,23,118.81011764705882,104.915,23.72404546441986,9.0
9069,23,118.81011764705882,104.915,23.72404546441986,9.0
9069,24,119.56688235294118,105.766,22.376966452629436,12.0
9069,24,119.56688235294118,105.766,22.376966452629436,12.0
9069,27,120.3910588235294,105.971,22.211917064796648,15.0
9069,27,120.3910588235294,105.971,22.211917064796648,15.0
9069,31,120.9165,105.09,22.129825143982178,18.0
9069,31,120.9165,105.09,22.129825143982178,18.0
9069,44,118.50464705882352,104.601,24.13531300169607,7.0
9069,44,118.50464705882352,104.601,24.13531300169607,7.0
9069,55,118.14488235294118,104.398,24.561255815989274,5.0
9069,55,118.14488235294118,104.398,24.561255815989274,5.0
9069,63,118.033,104.409,24.99465454124869,4.0
9069,63,118.033,104.409,24.99465454124869,4.0
9069,77,120.46782352941176,106.277,21.951907144966878,16.0
9069,77,120.46782352941176,106.277,21.951907144966878,16.0
9069,81,118.87488235294119,104.776,23.27007884734165,10.0
9069,81,118.87488235294119,104.776,23.27007884734165,10.0
9070,1,109.11625490196079,104.232,13.047946055644745,2.0
9070,1,109.11625490196079,104.232,13.047946055644745,2.0
9070,2,111.0543725490196,106.501,9.15936740208447,16.0
9070,2,111.0543725490196,106.501,9.15936740208447,16.0
9070,4,110.65027450980392,105.738,10.160338286795186,9.0
9070,4,110.65027450980392,105.738,10.160338286795186,9.0
9070,10,110.8651568627451,105.54,9.524710951405494,14.0
9070,10,110.8651568627451,105.54,9.524710951405494,14.0
9070,11,109.07413725490196,104.589,13.65157393895215,1.0
9070,11,109.07413725490196,104.589,13.65157393895215,1.0
9070,14,109.50621568627452,104.241,12.597436169007834,4.0
9070,14,109.50621568627452,104.241,12.597436169007834,4.0
9070,16,109.49074509803923,104.561,13.182211647313958,3.0
9070,16,109.49074509803923,104.561,13.182211647313958,3.0
9070,18,110.08731372549019,105.627,12.27060225508846,7.0
9070,18,110.08731372549019,105.627,12.27060225508846,7.0
9070,20,110.83478431372548,105.85,11.346244747660386,13.0
9070,20,110.83478431372548,105.85,11.346244747660386,13.0
9070,21,110.66744444444444,108.781,3.937835538976481,
9070,21,110.66744444444444,108.781,3.937835538976481,
9070,22,110.71941176470587,105.727,9.588503931821341,10.0
9070,22,110.71941176470587,105.727,9.588503931821341,10.0
9070,23,110.8121568627451,105.925,9.275244834904777,12.0
9070,23,110.8121568627451,105.925,9.275244834904777,12.0
9070,24,112.85525000000001,107.553,12.418294401894029,
9070,24,112.85525000000001,107.553,12.418294401894029,
9070,27,111.21938775510205,106.731,10.516082934300474,17.0
9070,27,111.21938775510205,106.731,10.516082934300474,17.0
9070,31,110.75458,105.908,10.411464698847778,15.0
9070,31,110.75458,105.908,10.411464698847778,15.0
9070,44,109.9792156862745,105.346,10.73789779251618,6.0
9070,44,109.9792156862745,105.346,10.73789779251618,6.0
9070,55,109.96690196078431,105.175,12.684467770622325,5.0
9070,55,109.96690196078431,105.175,12.684467770622325,5.0
9070,63,110.53062745098039,103.37,12.212698157068921,8.0
9070,63,110.53062745098039,103.37,12.212698157068921,8.0
9070,77,111.63792,106.304,9.155913419151029,18.0
9070,77,111.63792,106.304,9.155913419151029,18.0
9070,81,110.77080392156863,105.631,9.378620251537997,11.0
9070,81,110.77080392156863,105.631,9.378620251537997,11.0
9071,1,185.73735,90.549,202.3089661737329,4.0
9071,1,185.73735,90.549,202.3089661737329,4.0
9071,2,150.79348,92.619,139.96467885720895,19.0
9071,2,150.79348,92.619,139.96467885720895,19.0
9071,4,177.27704761904764,91.997,187.35860288617945,16.0
9071,4,177.27704761904764,91.997,187.35860288617945,16.0
9071,10,211.90105555555556,91.104,287.3959251788818,6.0
9071,10,211.90105555555556,91.104,287.3959251788818,6.0
9071,11,183.61005,91.566,195.68700972948926,11.0
9071,11,183.61005,91.566,195.68700972948926,11.0
9071,14,170.1920909090909,91.231,162.7549430849834,7.0
9071,14,170.1920909090909,91.231,162.7549430849834,7.0
9071,16,168.60986363636363,90.449,258.9667158304856,3.0
9071,16,168.60986363636363,90.449,258.9667158304856,3.0
9071,18,174.1507272727273,91.337,177.3963944779723,8.0
9071,18,174.1507272727273,91.337,177.3963944779723,8.0
9071,20,166.2576956521739,91.853,201.14964845384472,13.0
9071,20,166.2576956521739,91.853,201.14964845384472,13.0
9071,21,111.35688888888889,94.637,17.086379807557382,20.0
9071,21,111.35688888888889,94.637,17.086379807557382,20.0
9071,22,141.20314814814816,92.169,114.18288252068416,18.0
9071,22,141.20314814814816,92.169,114.18288252068416,18.0
9071,23,150.13879166666666,91.903,135.5104303012272,15.0
9071,23,150.13879166666666,91.903,135.5104303012272,15.0
9071,24,190.8634,92.134,257.574919073924,17.0
9071,24,190.8634,92.134,257.574919073924,17.0
9071,27,154.1025,91.392,157.06409718632875,9.0
9071,27,154.1025,91.392,157.06409718632875,9.0
9071,31,146.36319230769232,91.542,184.4072602192499,10.0
9071,31,146.36319230769232,91.542,184.4072602192499,10.0
9071,44,170.0774090909091,90.337,214.32217959399765,2.0
9071,44,170.0774090909091,90.337,214.32217959399765,2.0
9071,55,170.67559090909091,90.724,270.9279441059129,5.0
9071,55,170.67559090909091,90.724,270.9279441059129,5.0
9071,63,236.765125,90.125,378.47103375076273,1.0
9071,63,236.765125,90.125,378.47103375076273,1.0
9071,77,172.2618181818182,91.902,166.58610325849477,14.0
9071,77,172.2618181818182,91.902,166.58610325849477,14.0
9071,81,163.4623043478261,91.81,193.85682459185864,12.0
9071,81,163.4623043478261,91.81,193.85682459185864,12.0
9072,1,178.38233333333332,87.93,173.98576516635012,1.0
9072,1,178.38233333333332,87.93,173.98576516635012,1.0
9072,2,151.03592,90.038,119.9366770030089,20.0
9072,2,151.03592,90.038,119.9366770030089,20.0
9072,4,170.472,88.741,156.56145425433604,6.0
9072,4,170.472,88.741,156.56145425433604,6.0
9072,10,187.5885,89.098,188.28263989436132,11.0
9072,10,187.5885,89.098,188.28263989436132,11.0
9072,11,172.0061363636364,88.419,157.44554140940895,4.0
9072,11,172.0061363636364,88.419,157.44554140940895,4.0
9072,14,162.84904347826085,88.66,138.8233222540165,5.0
9072,14,162.84904347826085,88.66,138.8233222540165,5.0
9072,16,154.55483333333333,88.398,131.29165137477054,3.0
9072,16,154.55483333333333,88.398,131.29165137477054,3.0
9072,18,179.5332857142857,88.93,166.82508334213864,8.0
9072,18,179.5332857142857,88.93,166.82508334213864,8.0
9072,20,191.2382,89.171,204.1923609183137,12.0
9072,20,191.2382,89.171,204.1923609183137,12.0
9072,21,152.00639130434783,89.928,116.7889406726659,19.0
9072,21,152.00639130434783,89.928,116.7889406726659,19.0
9072,22,163.84873913043478,89.613,140.85784885296945,18.0
9072,22,163.84873913043478,89.613,140.85784885296945,18.0
9072,23,154.16083333333333,89.046,120.03322632439725,10.0
9072,23,154.16083333333333,89.046,120.03322632439725,10.0
9072,24,152.3374,89.181,122.34107860654264,13.0
9072,24,152.3374,89.181,122.34107860654264,13.0
9072,27,183.1852,89.393,188.38401202116313,17.0
9072,27,183.1852,89.393,188.38401202116313,17.0
9072,31,157.64626086956522,88.937,130.7247748815868,9.0
9072,31,157.64626086956522,88.937,130.7247748815868,9.0
9072,44,178.29666666666668,88.858,167.83666767464754,7.0
9072,44,178.29666666666668,88.858,167.83666767464754,7.0
9072,55,153.57558333333333,88.315,125.22305044350216,2.0
9072,55,153.57558333333333,88.315,125.22305044350216,2.0
9072,63,181.28594736842106,89.216,172.0299732628241,15.0
9072,63,181.28594736842106,89.216,172.0299732628241,15.0
9072,77,158.713625,89.189,137.85476457761627,14.0
9072,77,158.713625,89.189,137.85476457761627,14.0
9072,81,160.70386363636365,89.339,138.44505156460147,16.0
9072,81,160.70386363636365,89.339,138.44505156460147,16.0
9073,1,198.68270588235293,87.535,191.49230220552334,1.0
9073,1,198.68270588235293,87.535,191.49230220552334,1.0
9073,2,151.77926315789475,89.264,111.12476984822406,17.0
9073,2,151.77926315789475,89.264,111.12476984822406,17.0
9073,4,171.441,89.401,159.96629910797782,19.0
9073,4,171.441,89.401,159.96629910797782,19.0
9073,10,154.3582608695652,88.428,117.731980473623,6.0
9073,10,154.3582608695652,88.428,117.731980473623,6.0
9073,11,165.5537619047619,88.05,131.90894901867054,3.0
9073,11,165.5537619047619,88.05,131.90894901867054,3.0
9073,14,160.60672727272728,88.618,118.34068129284252,12.0
9073,14,160.60672727272728,88.618,118.34068129284252,12.0
9073,16,145.79484,87.941,114.38970741649362,2.0
9073,16,145.79484,87.941,114.38970741649362,2.0
9073,18,161.3939090909091,88.723,150.0133993183986,14.0
9073,18,161.3939090909091,88.723,150.0133993183986,14.0
9073,20,210.59115384615384,88.607,312.0209960524698,11.0
9073,20,210.59115384615384,88.607,312.0209960524698,11.0
9073,21,145.70466666666667,89.447,162.88619949727683,20.0
9073,21,145.70466666666667,89.447,162.88619949727683,20.0
9073,22,148.95984210526316,89.179,141.13047143507993,16.0
9073,22,148.95984210526316,89.179,141.13047143507993,16.0
9073,23,150.93673684210526,88.561,117.70623199274064,9.0
9073,23,150.93673684210526,88.561,117.70623199274064,9.0
9073,24,175.33483333333334,89.074,214.13837393937592,15.0
9073,24,175.33483333333334,89.074,214.13837393937592,15.0
9073,27,173.68513333333334,88.497,234.5264523605156,8.0
9073,27,173.68513333333334,88.497,234.5264523605156,8.0
9073,31,159.075625,88.407,129.38615070575415,5.0
9073,31,159.075625,88.407,129.38615070575415,5.0
9073,44,169.75313636363637,88.718,148.02980472402217,13.0
9073,44,169.75313636363637,88.718,148.02980472402217,13.0
9073,55,140.82707692307693,88.125,92.04795317229846,4.0
9073,55,140.82707692307693,88.125,92.04795317229846,4.0
9073,63,170.98584210526317,88.606,134.92109605578113,10.0
9073,63,170.98584210526317,88.606,134.92109605578113,10.0
9073,77,178.15577777777779,88.456,210.90628682861714,7.0
9073,77,178.15577777777779,88.456,210.90628682861714,7.0
9073,81,168.79735294117646,89.375,144.5539009642869,18.0
9073,81,168.79735294117646,89.375,144.5539009642869,18.0
9074,1,225.03661538461535,86.814,227.84509671179268,9.0
9074,1,225.03661538461535,86.814,227.84509671179268,9.0
9074,2,116.39866666666666,88.577,23.544054281282992,20.0
9074,2,116.39866666666666,88.577,23.544054281282992,20.0
9074,4,148.98185714285714,88.394,80.49426105568706,16.0
9074,4,148.98185714285714,88.394,80.49426105568706,16.0
9074,10,183.41183333333333,87.612,143.9986739308982,5.0
9074,10,183.41183333333333,87.612,143.9986739308982,5.0
9074,11,167.36422222222222,86.841,108.79207630419498,1.0
9074,11,167.36422222222222,86.841,108.79207630419498,1.0
9074,14,182.609,87.097,141.0219841864338,2.0
9074,14,182.609,87.097,141.0219841864338,2.0
9074,16,184.41223529411764,86.964,188.50626779404425,7.0
9074,16,184.41223529411764,86.964,188.50626779404425,7.0
9074,18,115.93128571428572,88.476,27.157074486794755,18.0
9074,18,115.93128571428572,88.476,27.157074486794755,18.0
9074,20,182.52552941176472,87.673,156.80672577880324,4.0
9074,20,182.52552941176472,87.673,156.80672577880324,4.0
9074,21,159.47426666666667,88.325,126.89197258785435,15.0
9074,21,159.47426666666667,88.325,126.89197258785435,15.0
9074,22,123.8328888888889,88.429,44.18467931559787,17.0
9074,22,123.8328888888889,88.429,44.18467931559787,17.0
9074,23,169.81164285714286,87.795,187.50321416409835,11.0
9074,23,169.81164285714286,87.795,187.50321416409835,11.0
9074,24,146.1463125,88.091,84.06210179171784,14.0
9074,24,146.1463125,88.091,84.06210179171784,14.0
9074,27,161.92607142857145,87.903,127.86329043536176,12.0
9074,27,161.92607142857145,87.903,127.86329043536176,12.0
9074,31,181.715,87.444,144.50563115157237,8.0
9074,31,181.715,87.444,144.50563115157237,8.0
9074,44,173.5636923076923,87.846,131.26984077899058,13.0
9074,44,173.5636923076923,87.846,131.26984077899058,13.0
9074,55,195.9463125,87.148,198.6405711643013,3.0
9074,55,195.9463125,87.148,198.6405711643013,3.0
9074,63,183.549,87.743,136.80376618291095,6.0
9074,63,183.549,87.743,136.80376618291095,6.0
9074,77,178.54876923076924,87.564,216.33956957048935,10.0
9074,77,178.54876923076924,87.564,216.33956957048935,10.0
9074,81,132.36975,88.484,57.43437406466619,19.0
9074,81,132.36975,88.484,57.43437406466619,19.0
9078,1,92.25661403508772,89.708,2.5286834501980833,1.0
9078,1,92.25661403508772,89.708,2.5286834501980833,1.0
9078,2,94.51603571428572,92.384,5.963045660420736,20.0
9078,2,94.51603571428572,92.384,5.963045660420736,20.0
9078,4,93.7958245614035,92.401,3.1108280098716485,17.0
9078,4,93.7958245614035,92.401,3.1108280098716485,17.0
9078,10,93.23340350877193,91.971,2.381511142628866,8.0
9078,10,93.23340350877193,91.971,2.381511142628866,8.0
9078,11,92.35082456140351,90.56,2.3252516554094296,2.0
9078,11,92.35082456140351,90.56,2.3252516554094296,2.0
9078,14,92.71905263157895,90.519,2.2772069479805848,3.0
9078,14,92.71905263157895,90.519,2.2772069479805848,3.0
9078,16,93.1839298245614,91.434,2.5039057692386293,7.0
9078,16,93.1839298245614,91.434,2.5039057692386293,7.0
9078,18,93.39259649122806,90.862,2.7936582661997456,12.0
9078,18,93.39259649122806,90.862,2.7936582661997456,12.0
9078,20,93.36043859649124,91.691,2.4003751404270757,10.0
9078,20,93.36043859649124,91.691,2.4003751404270757,10.0
9078,21,93.81652631578947,91.562,3.178595883615395,18.0
9078,21,93.81652631578947,91.562,3.178595883615395,18.0
9078,22,93.38270175438598,91.038,2.684530571280289,11.0
9078,22,93.38270175438598,91.038,2.684530571280289,11.0
9078,23,93.53436842105263,91.852,2.6259010329306305,14.0
9078,23,93.53436842105263,91.852,2.6259010329306305,14.0
9078,24,93.63229824561404,91.736,2.8094767249052848,16.0
9078,24,93.63229824561404,91.736,2.8094767249052848,16.0
9078,27,93.56989473684212,90.901,2.669673048055109,15.0
9078,27,93.56989473684212,90.901,2.669673048055109,15.0
9078,31,93.27673684210527,91.143,2.3557159596070703,9.0
9078,31,93.27673684210527,91.143,2.3557159596070703,9.0
9078,44,93.15410526315789,90.669,2.5604154024434,6.0
9078,44,93.15410526315789,90.669,2.5604154024434,6.0
9078,55,92.91450877192983,91.362,2.201206371759093,5.0
9078,55,92.91450877192983,91.362,2.201206371759093,5.0
9078,63,92.83942105263158,91.015,2.4744584958520646,4.0
9078,63,92.83942105263158,91.015,2.4744584958520646,4.0
9078,77,93.51373684210527,91.838,2.5694079447943365,13.0
9078,77,93.51373684210527,91.838,2.5694079447943365,13.0
9078,81,94.26969642857144,92.006,2.633210843904372,19.0
9078,81,94.26969642857144,92.006,2.633210843904372,19.0
9222,1,193.11170700636944,92.837,315.69701304361513,1.0
9222,1,193.11170700636944,92.837,315.69701304361513,1.0
9222,1,193.11170700636944,92.837,315.69701304361513,1.0
9222,1,193.11170700636944,92.837,315.69701304361513,1.0
9222,2,180.72668000000002,94.324,202.04056916442607,10.0
9222,2,180.72668000000002,94.324,202.04056916442607,10.0
9222,2,180.72668000000002,94.324,202.04056916442607,10.0
9222,2,180.72668000000002,94.324,202.04056916442607,10.0
9222,4,245.326525,93.462,340.07576196610876,5.0
9222,4,245.326525,93.462,340.07576196610876,5.0
9222,4,245.326525,93.462,340.07576196610876,5.0
9222,4,245.326525,93.462,340.07576196610876,5.0
9222,10,198.5080338983051,94.822,320.57963962223533,16.0
9222,10,198.5080338983051,94.822,320.57963962223533,16.0
9222,10,198.5080338983051,94.822,320.57963962223533,16.0
9222,10,198.5080338983051,94.822,320.57963962223533,16.0
9222,14,228.63684999999998,92.866,479.87217561900417,2.0
9222,14,228.63684999999998,92.866,479.87217561900417,2.0
9222,14,228.63684999999998,92.866,479.87217561900417,2.0
9222,14,228.63684999999998,92.866,479.87217561900417,2.0
9222,16,223.407984375,93.267,366.217602605882,4.0
9222,16,223.407984375,93.267,366.217602605882,4.0
9222,16,223.407984375,93.267,366.217602605882,4.0
9222,16,223.407984375,93.267,366.217602605882,4.0
9222,20,233.25770175438598,95.087,466.29381633226484,19.0
9222,20,233.25770175438598,95.087,466.29381633226484,19.0
9222,20,233.25770175438598,95.087,466.29381633226484,19.0
9222,20,233.25770175438598,95.087,466.29381633226484,19.0
9222,21,168.87164705882353,94.559,272.53164174037465,13.0
9222,21,168.87164705882353,94.559,272.53164174037465,13.0
9222,21,168.87164705882353,94.559,272.53164174037465,13.0
9222,21,168.87164705882353,94.559,272.53164174037465,13.0
9222,22,323.6791333333333,94.671,505.3182204856195,15.0
9222,22,323.6791333333333,94.671,505.3182204856195,15.0
9222,22,323.6791333333333,94.671,505.3182204856195,15.0
9222,22,323.6791333333333,94.671,505.3182204856195,15.0
9222,23,197.4231081081081,93.671,279.82069707803197,7.0
9222,23,197.4231081081081,93.671,279.82069707803197,7.0
9222,23,197.4231081081081,93.671,279.82069707803197,7.0
9222,23,197.4231081081081,93.671,279.82069707803197,7.0
9222,24,225.9115671641791,93.723,313.5968614582122,8.0
9222,24,225.9115671641791,93.723,313.5968614582122,8.0
9222,24,225.9115671641791,93.723,313.5968614582122,8.0
9222,24,225.9115671641791,93.723,313.5968614582122,8.0
9222,27,274.78968000000003,94.424,492.02604913654943,11.0
9222,27,274.78968000000003,94.424,492.02604913654943,11.0
9222,27,274.78968000000003,94.424,492.02604913654943,11.0
9222,27,274.78968000000003,94.424,492.02604913654943,11.0
9222,31,264.5371132075472,94.871,419.6302939042273,17.0
9222,31,264.5371132075472,94.871,419.6302939042273,17.0
9222,31,264.5371132075472,94.871,419.6302939042273,17.0
9222,31,264.5371132075472,94.871,419.6302939042273,17.0
9222,34,280.2165,94.564,406.42132859899505,14.0
9222,34,280.2165,94.564,406.42132859899505,14.0
9222,34,280.2165,94.564,406.42132859899505,14.0
9222,34,280.2165,94.564,406.42132859899505,14.0
9222,44,167.22181927710844,93.508,250.19896753509772,6.0
9222,44,167.22181927710844,93.508,250.19896753509772,6.0
9222,44,167.22181927710844,93.508,250.19896753509772,6.0
9222,44,167.22181927710844,93.508,250.19896753509772,6.0
9222,55,203.99379166666665,93.253,304.516316913957,3.0
9222,55,203.99379166666665,93.253,304.516316913957,3.0
9222,55,203.99379166666665,93.253,304.516316913957,3.0
9222,55,203.99379166666665,93.253,304.516316913957,3.0
9222,63,228.4163880597015,94.174,361.1690237966579,9.0
9222,63,228.4163880597015,94.174,361.1690237966579,9.0
9222,63,228.4163880597015,94.174,361.1690237966579,9.0
9222,63,228.4163880597015,94.174,361.1690237966579,9.0
9222,77,173.19429577464788,94.558,266.42120281614996,12.0
9222,77,173.19429577464788,94.558,266.42120281614996,12.0
9222,77,173.19429577464788,94.558,266.42120281614996,12.0
9222,77,173.19429577464788,94.558,266.42120281614996,12.0
9222,81,280.64560784313727,94.888,375.6559682995297,18.0
9222,81,280.64560784313727,94.888,375.6559682995297,18.0
9222,81,280.64560784313727,94.888,375.6559682995297,18.0
9222,81,280.64560784313727,94.888,375.6559682995297,18.0
9278,1,272.18809999999996,101.987,301.0917168517366,3.0
9278,1,272.18809999999996,101.987,301.0917168517366,3.0
9278,2,119.574,104.042,16.113587717912388,15.0
9278,2,119.574,104.042,16.113587717912388,15.0
9278,4,281.9325,103.395,333.3830387007051,10.0
9278,4,281.9325,103.395,333.3830387007051,10.0
9278,10,124.1345,106.951,19.84179670123988,19.0
9278,10,124.1345,106.951,19.84179670123988,19.0
9278,11,225.09841666666668,101.844,224.10729795053174,2.0
9278,11,225.09841666666668,101.844,224.10729795053174,2.0
9278,14,210.85999999999999,102.976,230.89768849600898,8.0
9278,14,210.85999999999999,102.976,230.89768849600898,8.0
9278,16,238.00918181818182,101.697,269.03042332573193,1.0
9278,16,238.00918181818182,101.697,269.03042332573193,1.0
9278,18,196.50657142857145,103.064,208.92835918198418,9.0
9278,18,196.50657142857145,103.064,208.92835918198418,9.0
9278,20,204.838,104.101,248.14380918045936,14.0
9278,20,204.838,104.101,248.14380918045936,14.0
9278,21,132.537,108.18,18.920096722797155,20.0
9278,21,132.537,108.18,18.920096722797155,20.0
9278,22,119.51350000000001,105.436,12.05503376780244,18.0
9278,22,119.51350000000001,105.436,12.05503376780244,18.0
9278,23,199.5025,102.846,219.96113788938396,7.0
9278,23,199.5025,102.846,219.96113788938396,7.0
9278,24,122.72625000000001,105.177,17.600546328777085,16.0
9278,24,122.72625000000001,105.177,17.600546328777085,16.0
9278,27,201.5739,103.806,239.6368510772081,12.0
9278,27,201.5739,103.806,239.6368510772081,12.0
9278,31,202.5907777777778,104.088,238.48244560863833,13.0
9278,31,202.5907777777778,104.088,238.48244560863833,13.0
9278,44,195.84778571428572,102.502,191.26140868268672,6.0
9278,44,195.84778571428572,102.502,191.26140868268672,6.0
9278,55,218.36208333333332,102.287,247.9705756080428,5.0
9278,55,218.36208333333332,102.287,247.9705756080428,5.0
9278,63,183.9992,102.252,201.8354584890273,4.0
9278,63,183.9992,102.252,201.8354584890273,4.0
9278,77,114.17099999999999,105.352,5.4962268096265,17.0
9278,77,114.17099999999999,105.352,5.4962268096265,17.0
9278,81,201.32840000000002,103.427,229.84763271862928,11.0
9278,81,201.32840000000002,103.427,229.84763271862928,11.0
